#
# A fatal error has been detected by the Java Runtime Environment:
#
#  EXCEPTION_ACCESS_VIOLATION (0xc0000005) at pc=0x00007ffa7ae56d34, pid=5968, tid=8540
#
# JRE version: Java(TM) SE Runtime Environment (24.0.1+9) (build 24.0.1+9-30)
# Java VM: Java HotSpot(TM) 64-Bit Server VM (24.0.1+9-30, mixed mode, sharing, tiered, compressed oops, compressed class ptrs, g1 gc, windows-amd64)
# Problematic frame:
# V  [jvm.dll+0x496d34]
#
# No core dump will be written. Minidumps are not enabled by default on client versions of Windows
#
# If you would like to submit a bug report, please visit:
#   https://bugreport.java.com/bugreport/crash.jsp
#

---------------  S U M M A R Y ------------

Command Line: --module-path=C:\Javac\javafx-sdk-24.0.1\lib --add-modules=javafx.controls,javafx.media -javaagent:C:\Program Files\JetBrains\IntelliJ IDEA 2024.3.5\lib\idea_rt.jar=49703 -Dfile.encoding=UTF-8 -Dsun.stdout.encoding=UTF-8 -Dsun.stderr.encoding=UTF-8 map

Host: Intel(R) Core(TM) i5-3320M CPU @ 2.60GHz, 4 cores, 15G,  Windows 11 , 64 bit Build 22621 (10.0.22621.3958)
Time: Sun Jun 15 23:27:18 2025 Iran Standard Time elapsed time: 102.153872 seconds (0d 0h 1m 42s)

---------------  T H R E A D  ---------------

Current thread (0x00000271c5d7b5e0):  JavaThread "JavaFX Application Thread"        [_thread_in_vm, id=8540, stack(0x000000cfd7200000,0x000000cfd7300000) (1024K)]

Stack: [0x000000cfd7200000,0x000000cfd7300000],  sp=0x000000cfd72fd9f0,  free space=1014k
Native frames: (J=compiled Java code, j=interpreted, Vv=VM code, C=native code)
V  [jvm.dll+0x496d34]  (no source info available)
V  [jvm.dll+0x48599f]  (no source info available)
C  [glass.dll+0x531c]  (no source info available)
C  [glass.dll+0xa484]  (no source info available)
C  [glass.dll+0x177f]  (no source info available)
C  [USER32.dll+0x183f1]  (no source info available)
C  [USER32.dll+0x1791d]  (no source info available)
C  [USER32.dll+0x176d7]  (no source info available)
C  [glass.dll+0x1a0c7]  (no source info available)
C  0x00000271da76cda0  (no source info available)

The last pc belongs to native method entry point (kind = native) (printed below).
Java frames: (J=compiled Java code, j=interpreted, Vv=VM code)
j  com.sun.glass.ui.win.WinView._exitFullscreen(JZ)V+0 javafx.graphics@24.0.1
j  com.sun.glass.ui.View.exitFullscreen(Z)V+13 javafx.graphics@24.0.1
j  com.sun.javafx.tk.quantum.WindowStage.applyFullScreen()V+288 javafx.graphics@24.0.1
j  com.sun.javafx.tk.quantum.WindowStage.setFullScreen(Z)V+38 javafx.graphics@24.0.1
j  com.sun.javafx.tk.quantum.WindowStage.exitFullScreen()V+2 javafx.graphics@24.0.1
j  com.sun.javafx.tk.quantum.WindowStage.setScene(Lcom/sun/javafx/tk/TKScene;)V+12 javafx.graphics@24.0.1
j  javafx.stage.Window$SceneModel.updatePeerScene(Lcom/sun/javafx/tk/TKScene;)V+18 javafx.graphics@24.0.1
j  javafx.stage.Window$SceneModel.invalidated()V+35 javafx.graphics@24.0.1
J 5174 c2 javafx.beans.property.ObjectPropertyBase.set(Ljava/lang/Object;)V javafx.base@24.0.1 (76 bytes) @ 0x00000271daf8bcdc [0x00000271daf8bc20+0x00000000000000bc]
j  javafx.stage.Window.setScene(Ljavafx/scene/Scene;)V+5 javafx.graphics@24.0.1
j  javafx.stage.Stage.setScene(Ljavafx/scene/Scene;)V+8 javafx.graphics@24.0.1
j  BattleManager.gameOver(Ljavafx/stage/Stage;)V+232
j  BattleManager.lambda$start$18(Ljavafx/stage/Stage;Ljavafx/beans/value/ObservableValue;Ljava/lang/Number;Ljava/lang/Number;)V+10
j  BattleManager$$Lambda+0x0000027181215010.changed(Ljavafx/beans/value/ObservableValue;Ljava/lang/Object;Ljava/lang/Object;)V+17
j  com.sun.javafx.binding.ExpressionHelper$Generic.fireValueChangedEvent()V+172 javafx.base@24.0.1
J 3853 c1 javafx.beans.property.IntegerPropertyBase.fireValueChangedEvent()V javafx.base@24.0.1 (8 bytes) @ 0x00000271d3884f34 [0x00000271d3884dc0+0x0000000000000174]
j  javafx.beans.property.IntegerPropertyBase.markInvalid()V+17 javafx.base@24.0.1
j  javafx.beans.property.IntegerPropertyBase.set(I)V+72 javafx.base@24.0.1
J 5237 c1 Alastor.lambda$throwSpearAll$1(Ljavafx/scene/shape/Line;Ljavafx/animation/TranslateTransition;Ljavafx/animation/TranslateTransition;Ljavafx/scene/image/ImageView;Ljavafx/beans/value/ObservableValue;Ljavafx/util/Duration;Ljavafx/util/Duration;)V (131 bytes) @ 0x00000271d3aeebd4 [0x00000271d3aeafe0+0x0000000000003bf4]
J 5236 c1 Alastor$$Lambda+0x0000027181231160.changed(Ljavafx/beans/value/ObservableValue;Ljava/lang/Object;Ljava/lang/Object;)V (33 bytes) @ 0x00000271d3aea61c [0x00000271d3aea3c0+0x000000000000025c]
J 5202 c1 com.sun.javafx.binding.ExpressionHelper$SingleChange.fireValueChangedEvent()V javafx.base@24.0.1 (96 bytes) @ 0x00000271d3adc69c [0x00000271d3adc2a0+0x00000000000003fc]
J 5009 c1 javafx.animation.Transition.doPlayTo(JJ)V javafx.graphics@24.0.1 (16 bytes) @ 0x00000271d3a86694 [0x00000271d3a86380+0x0000000000000314]
J 5257 c2 javafx.animation.Animation$1.timePulse(J)V javafx.graphics@24.0.1 (26 bytes) @ 0x00000271dafa50d0 [0x00000271dafa4e00+0x00000000000002d0]
J 4979 c2 com.sun.javafx.tk.quantum.QuantumToolkit.pulse(Z)V javafx.graphics@24.0.1 (152 bytes) @ 0x00000271daf3f3ec [0x00000271daf3ea40+0x00000000000009ac]
J 4980 c2 com.sun.javafx.tk.quantum.QuantumToolkit$$Lambda+0x000002718101d208.run()V javafx.graphics@24.0.1 (8 bytes) @ 0x00000271daf401e4 [0x00000271daf401a0+0x0000000000000044]
J 4814 c2 com.sun.glass.ui.InvokeLaterDispatcher$Future.run()V javafx.graphics@24.0.1 (91 bytes) @ 0x00000271daf00f0c [0x00000271daf00ec0+0x000000000000004c]
v  ~StubRoutines::call_stub 0x00000271da760fcd
j  com.sun.glass.ui.win.WinApplication._runLoop(Ljava/lang/Runnable;)V+0 javafx.graphics@24.0.1
j  com.sun.glass.ui.win.WinApplication.lambda$runLoop$0(ILjava/lang/Runnable;)V+8 javafx.graphics@24.0.1
j  com.sun.glass.ui.win.WinApplication$$Lambda+0x0000027181019930.run()V+12 javafx.graphics@24.0.1
j  java.lang.Thread.runWith(Ljava/lang/Object;Ljava/lang/Runnable;)V+5 java.base@24.0.1
j  java.lang.Thread.run()V+19 java.base@24.0.1
v  ~StubRoutines::call_stub 0x00000271da760fcd

siginfo: EXCEPTION_ACCESS_VIOLATION (0xc0000005), reading address 0xffffffffffffffff


Registers:
RAX=0x0000000000000000, RBX=0x0000000000000000, RCX=0x00000271c5d7b9a8, RDX=0x000000cfd72fdb50
RSP=0x000000cfd72fd9f0, RBP=0x000000cfd72fdac1, RSI=0x00000271c5d7b5e0, RDI=0x0000000000000001
R8 =0x001000040002b110, R9 =0x0000000000000001, R10=0x00000271c5bbb490, R11=0x000000cfd72fdb00
R12=0x0000000000000000, R13=0x000000cfd72fdb50, R14=0x00000271c5b19570, R15=0x00007ffa7b418ec8
RIP=0x00007ffa7ae56d34, EFLAGS=0x0000000000010293

XMM[0]=0x0000000000000000 0x0000000000000000
XMM[1]=0x0000000000000000 0x0000000000000000
XMM[2]=0x0000000000000000 0x0000000000000000
XMM[3]=0x0000000000000000 0x0000000000000000
XMM[4]=0x0000000000000000 0x0000000000000000
XMM[5]=0x0000000000000000 0x0000000000000000
XMM[6]=0x0000000000000000 0x40852b69fcdd0107
XMM[7]=0x0000000000000000 0x40851f5ec0000000
XMM[8]=0x0000000000000000 0x40852b69fcdd0107
XMM[9]=0x0000000000000000 0x0000000000000000
XMM[10]=0x0000000000000000 0x0000000000000000
XMM[11]=0x0000000000000000 0x3fe033fd61cd8000
XMM[12]=0x0000000000000000 0x40001ea0c5812c00
XMM[13]=0x0000000000000000 0x408508dd40000000
XMM[14]=0x0000000000000000 0x4084f8be9f3a7ed4
XMM[15]=0x0000000000000000 0x3d912bc1bc364e01
  MXCSR=0x00001fa7


Register to memory mapping:

RAX=0x0 is null
RBX=0x0 is null
RCX=0x00000271c5d7b9a8 points into unknown readable memory: 0x00007ffa7b5f17b0 | b0 17 5f 7b fa 7f 00 00
RDX=0x000000cfd72fdb50 is pointing into the stack for thread: 0x00000271c5d7b5e0
RSP=0x000000cfd72fd9f0 is pointing into the stack for thread: 0x00000271c5d7b5e0
RBP=0x000000cfd72fdac1 is pointing into the stack for thread: 0x00000271c5d7b5e0
RSI=0x00000271c5d7b5e0 is a thread
RDI=0x0000000000000001 is an unknown value
R8 =0x001000040002b110 is an unknown value
R9 =0x0000000000000001 is an unknown value
R10=0x00000271c5bbb490 points into unknown readable memory: 0x0000004000000004 | 04 00 00 00 40 00 00 00
R11=0x000000cfd72fdb00 is pointing into the stack for thread: 0x00000271c5d7b5e0
R12=0x0 is null
R13=0x000000cfd72fdb50 is pointing into the stack for thread: 0x00000271c5d7b5e0
R14=0x00000271c5b19570 points into unknown readable memory: 0x00000271c1517020 | 20 70 51 c1 71 02 00 00
R15=0x00007ffa7b418ec8 jvm.dll

Top of Stack: (sp=0x000000cfd72fd9f0)
0x000000cfd72fd9f0:   00007ffae2b38696 0000000000000000   ................
0x000000cfd72fda00:   0000000000000000 0000000000000000   ................
0x000000cfd72fda10:   0000000000000000 0000000000000000   ................
0x000000cfd72fda20:   0000000040000000 00007ffae2b380ac   ...@............
0x000000cfd72fda30:   000000cfd72fdb80 00007ffae2daff00   ../.............
0x000000cfd72fda40:   0000000000090628 0000000080000000   (...............
0x000000cfd72fda50:   0000000000000006 0000000000000000   ................
0x000000cfd72fda60:   0000000000000000 00007ffa00000001   ................
0x000000cfd72fda70:   000000cfd72fdf00 001000040002b110   ../.............
0x000000cfd72fda80:   000000cfd72fdc18 00007ffa7ae55de1   ../......].z....
0x000000cfd72fda90:   000000cfd72fdb80 0000000000000000   ../.............
0x000000cfd72fdaa0:   00000271c1517020 0000000000000000    pQ.q...........
0x000000cfd72fdab0:   00000271c1517020 00000271c5d7b5e0    pQ.q.......q...
0x000000cfd72fdac0:   00000271804a6440 000000000000000e   @dJ.q...........
0x000000cfd72fdad0:   0000800b1137173d 00007ffae2bb6000   =.7......`......
0x000000cfd72fdae0:   001000040002b110 0000000000000000   ................
0x000000cfd72fdaf0:   00000271c5d7b9a8 00000271c5b19570   ....q...p...q...
0x000000cfd72fdb00:   000000cfd72fdc18 00007ffa7ae4599f   ../......Y.z....
0x000000cfd72fdb10:   00000271c1517020 00000271c5d7b5e0    pQ.q.......q...
0x000000cfd72fdb20:   00000271c5b19570 00000271c5d7b5e0   p...q.......q...
0x000000cfd72fdb30:   00000271c5b19570 000000cfd72fdb80   p...q...../.....
0x000000cfd72fdb40:   00000271c5d7b5e0 00000271c8cad610   ....q.......q...
0x000000cfd72fdb50:   000000000000020e 0000000000000006   ................
0x000000cfd72fdb60:   00000271c5d7b5e0 0000000000000000   ....q...........
0x000000cfd72fdb70:   00007ffae2daffc0 00007ffa8127b5d4   ..........'.....
0x000000cfd72fdb80:   00007ffa7b418ec8 00000271804a6440   ..A{....@dJ.q...
0x000000cfd72fdb90:   000000000000000e 000000000000015c   ........\.......
0x000000cfd72fdba0:   0000000000000000 000000cfd72fdc18   ........../.....
0x000000cfd72fdbb0:   000000cfd72fdf00 0000000000000000   ../.............
0x000000cfd72fdbc0:   00000271c5d7a160 00007ffa8126531c   `...q....S&.....
0x000000cfd72fdbd0:   000000cfd72fdf00 0000000000000000   ../.............
0x000000cfd72fdbe0:   0000000000000401 00000271c8ca6190   .........a..q...

Instructions: (pc=0x00007ffa7ae56d34)
  0x00007ffa7ae56c34:   5b ff ff c3 cc cc cc cc cc cc cc cc 48 8d 05 59
  0x00007ffa7ae56c44:   5d ff ff c3 cc cc cc cc cc cc cc cc 48 8d 05 99
  0x00007ffa7ae56c54:   63 ff ff c3 cc cc cc cc cc cc cc cc 48 8d 05 e9
  0x00007ffa7ae56c64:   61 ff ff c3 cc cc cc cc cc cc cc cc 48 8d 05 b9
  0x00007ffa7ae56c74:   5e ff ff c3 cc cc cc cc cc cc cc cc 48 8d 05 39
  0x00007ffa7ae56c84:   60 ff ff c3 cc cc cc cc cc cc cc cc 80 3d 18 0a
  0x00007ffa7ae56c94:   80 00 00 0f 85 33 ac 01 00 48 8d 05 0c ab 79 00
  0x00007ffa7ae56ca4:   c3 cc cc cc cc cc cc cc cc cc cc cc 48 8d 05 f9
  0x00007ffa7ae56cb4:   aa 79 00 c3 cc cc cc cc cc cc cc cc 48 89 5c 24
  0x00007ffa7ae56cc4:   20 55 56 57 41 55 41 56 48 8d 6c 24 e1 48 81 ec
  0x00007ffa7ae56cd4:   f0 00 00 00 48 8b 05 89 22 7c 00 48 33 c4 48 89
  0x00007ffa7ae56ce4:   45 0f 48 8b 45 77 33 db 4c 8b 75 6f 41 8b f9 48
  0x00007ffa7ae56cf4:   8b 75 7f 4c 8b ea 48 89 44 24 40 4d 85 c0 74 33
  0x00007ffa7ae56d04:   49 8b c0 83 e0 03 48 83 f8 01 75 0f 49 8d 48 ff
  0x00007ffa7ae56d14:   ff 15 36 7d 79 00 48 8b d8 eb 18 48 83 f8 02 75
  0x00007ffa7ae56d24:   0f 49 8d 48 fe ff 15 f1 e2 78 00 48 8b d8 eb 03
=>0x00007ffa7ae56d34:   49 8b 18 48 85 db 75 26 4c 8b 0d 0d 8a 83 00 48
  0x00007ffa7ae56d44:   8d 15 f6 20 5c 00 41 b8 81 03 00 00 48 89 5c 24
  0x00007ffa7ae56d54:   20 48 8b ce e8 93 05 ea ff e9 a5 02 00 00 48 8b
  0x00007ffa7ae56d64:   8e 30 03 00 00 4c 89 bc 24 30 01 00 00 4c 8b 79
  0x00007ffa7ae56d74:   20 48 8b 41 28 49 2b c7 48 83 f8 08 72 0a 49 8d
  0x00007ffa7ae56d84:   47 08 48 89 41 20 eb 0f 45 33 c0 41 8d 50 08 e8
  0x00007ffa7ae56d94:   b8 81 c3 ff 4c 8b f8 49 89 1f 49 8b 16 48 8b 4a
  0x00007ffa7ae56da4:   08 44 0f b7 41 2e 48 8b 49 08 44 89 44 24 30 4c
  0x00007ffa7ae56db4:   8b 71 18 83 ff 01 75 51 8b 7a 2c 83 ff f6 7e 1c
  0x00007ffa7ae56dc4:   83 ff fe 74 44 48 8b cb e8 cf 56 d6 ff 48 8b c8
  0x00007ffa7ae56dd4:   8b d7 e8 05 76 16 00 48 8b d0 eb 2d 48 8b cb e8
  0x00007ffa7ae56de4:   b8 56 d6 ff 41 b8 f6 ff ff ff 4c 8b ce 44 2b c7
  0x00007ffa7ae56df4:   49 8b d6 48 8b c8 e8 71 b6 f6 ff 48 83 7e 08 00
  0x00007ffa7ae56e04:   48 8b d0 0f 85 f2 01 00 00 8b 42 28 c1 e8 0a 4c
  0x00007ffa7ae56e14:   89 a4 24 20 01 00 00 a8 01 0f 84 85 00 00 00 48
  0x00007ffa7ae56e24:   8b be 28 03 00 00 48 8b 42 08 48 8b 1d 5b 89 83


Stack slot to memory mapping:

stack at sp + 0 slots: 0x00007ffae2b38696 USER32.dll
stack at sp + 1 slots: 0x0 is null
stack at sp + 2 slots: 0x0 is null
stack at sp + 3 slots: 0x0 is null
stack at sp + 4 slots: 0x0 is null
stack at sp + 5 slots: 0x0 is null
stack at sp + 6 slots: 0x0000000040000000 is an unknown value
stack at sp + 7 slots: 0x00007ffae2b380ac USER32.dll

Lock stack of current Java thread (top to bottom):

native method entry point (kind = native)  [0x00000271da76c9c0, 0x00000271da76d3f8]  2616 bytes
[MachCode]
  0x00000271da76c9c0: 488b 4b08 | 0fb7 492e | 584c 8d74 | ccf8 6800 | 0000 0068 | 0000 0000 | 5055 488b | ec41 5568 
  0x00000271da76c9e0: 0000 0000 | 4c8b 6b08 | 4d8d 6d38 | 5348 8b53 | 0848 8b52 | 0848 8b52 | 1848 8b52 | 7048 8b12 
  0x00000271da76ca00: 5248 8b53 | 1048 85d2 | 0f84 0700 | 0000 4881 | c208 0100 | 0052 488b | 5308 488b | 5208 488b 
  0x00000271da76ca20: 5210 5249 | 8bc6 482b | c548 c1e8 | 0350 6800 | 0000 0068 | f7ff ffff | 41c6 8771 | 0400 0001 
  0x00000271da76ca40: 488b 4310 | 4885 c074 | 208b 88cc | 0000 0083 | c102 8988 | cc00 0000 | 2388 e000 | 0000 0f84 
  0x00000271da76ca60: e408 0000 | e9cd 0000 | 0048 8b43 | 1848 85c0 | 0f85 b000 | 0000 e805 | 0000 00e9 | 9900 0000 
  0x00000271da76ca80: 488b d348 | 8d44 2408 | 4c89 6dc0 | 498b cfc5 | f877 4989 | afb8 0300 | 0049 8987 | a803 0000 
  0x00000271da76caa0: 4883 ec20 | 40f6 c40f | 0f84 1900 | 0000 4883 | ec08 48b8 | 6030 dd7a | fa7f 0000 | ffd0 4883 
  0x00000271da76cac0: c408 e90c | 0000 0048 | b860 30dd | 7afa 7f00 | 00ff d048 | 83c4 2049 | c787 a803 | 0000 0000 
  0x00000271da76cae0: 0000 49c7 | 87b8 0300 | 0000 0000 | 0049 c787 | b003 0000 | 0000 0000 | c5f8 7749 | 837f 0800 
  0x00000271da76cb00: 0f84 0500 | 0000 e9b5 | 43ff ff4c | 8b6d c04c | 8b75 c84e | 8d74 f500 | c348 8b43 | 1848 85c0 
  0x00000271da76cb20: 0f84 1000 | 0000 8b08 | 83c1 0289 | 0823 4814 | 0f84 1208 | 0000 493b | a7f0 0400 | 000f 8748 
  0x00000271da76cb40: 0000 0089 | 8424 00f0 | ffff 8984 | 2400 e0ff | ff89 8424 | 00d0 ffff | 8984 2400 | c0ff ff89 
  0x00000271da76cb60: 8424 00b0 | ffff 8984 | 2400 a0ff | ff89 8424 | 0090 ffff | 8984 2400 | 80ff ff49 | 3ba7 e804 
  0x00000271da76cb80: 0000 7607 | 4989 a7f0 | 0400 0041 | c687 7104 | 0000 0048 | 8b5d e84c | 8b5b 0845 | 0fb7 5b2e 
  0x00000271da76cba0: 41c1 e303 | 492b e348 | 83ec 2048 | 83e4 f04c | 8b5b 604d | 85db 0f85 | ab00 0000 | e805 0000 
  0x00000271da76cbc0: 00e9 9900 | 0000 488b | d348 8d44 | 2408 4c89 | 6dc0 498b | cfc5 f877 | 4989 afb8 | 0300 0049 
  0x00000271da76cbe0: 8987 a803 | 0000 4883 | ec20 40f6 | c40f 0f84 | 1900 0000 | 4883 ec08 | 48b8 a05a | dd7a fa7f 
  0x00000271da76cc00: 0000 ffd0 | 4883 c408 | e90c 0000 | 0048 b8a0 | 5add 7afa | 7f00 00ff | d048 83c4 | 2049 c787 
  0x00000271da76cc20: a803 0000 | 0000 0000 | 49c7 87b8 | 0300 0000 | 0000 0049 | c787 b003 | 0000 0000 | 0000 c5f8 
  0x00000271da76cc40: 7749 837f | 0800 0f84 | 0500 0000 | e96f 42ff | ff4c 8b6d | c04c 8b75 | c84e 8d74 | f500 c348 
  0x00000271da76cc60: 8b5d e84c | 8b5b 6041 | ffd3 488b | 5de8 4889 | 4518 448b | 5b28 41f6 | c308 0f84 | 1b00 0000 
  0x00000271da76cc80: 4c8b 5b08 | 4d8b 5b08 | 4d8b 5b18 | 4d8b 5b70 | 4d8b 1b4c | 895d 1048 | 8d55 1048 | 8b43 5849 
  0x00000271da76cca0: ba40 7016 | 7bfa 7f00 | 0049 3bc2 | 0f85 ab00 | 0000 e805 | 0000 00e9 | 9900 0000 | 488b d348 
  0x00000271da76ccc0: 8d44 2408 | 4c89 6dc0 | 498b cfc5 | f877 4989 | afb8 0300 | 0049 8987 | a803 0000 | 4883 ec20 
  0x00000271da76cce0: 40f6 c40f | 0f84 1900 | 0000 4883 | ec08 48b8 | a05a dd7a | fa7f 0000 | ffd0 4883 | c408 e90c 
  0x00000271da76cd00: 0000 0048 | b8a0 5add | 7afa 7f00 | 00ff d048 | 83c4 2049 | c787 a803 | 0000 0000 | 0000 49c7 
  0x00000271da76cd20: 87b8 0300 | 0000 0000 | 0049 c787 | b003 0000 | 0000 0000 | c5f8 7749 | 837f 0800 | 0f84 0500 
  0x00000271da76cd40: 0000 e979 | 41ff ff4c | 8b6d c04c | 8b75 c84e | 8d74 f500 | c348 8b5d | e848 8b43 | 5849 8d8f 
  0x00000271da76cd60: c803 0000 | 4c8d 15d5 | 0000 004d | 8997 b003 | 0000 c5f8 | 7749 89af | b803 0000 | 4989 a7a8 
  0x00000271da76cd80: 0300 0041 | c787 5404 | 0000 0400 | 0000 493b | a748 0500 | 0076 0749 | 89a7 4805 | 0000 ffd0 
  0x00000271da76cda0: 493b a748 | 0500 0072 | 0b49 c787 | 4805 0000 | 0000 0000 | c5f8 7748 | 83ec 10c5 | fb11 0424 
  0x00000271da76cdc0: 4883 ec10 | 4889 0424 | 48c7 4424 | 0800 0000 | 0041 c787 | 5404 0000 | 0500 0000 | f083 4424 
  0x00000271da76cde0: c000 493b | 6f28 0f87 | 0e00 0000 | 4183 bf50 | 0400 0000 | 0f84 2000 | 0000 498b | cf4c 8be4 
  0x00000271da76ce00: 4883 ec20 | 4883 e4f0 | 48b8 d0b9 | de7a fa7f | 0000 ffd0 | 498b e44d | 33e4 41c7 | 8754 0400 
  0x00000271da76ce20: 0008 0000 | 004d 8b97 | 7005 0000 | 4983 fa00 | 7435 49c7 | 8770 0500 | 0000 0000 | 0041 ffe2 
  0x00000271da76ce40: 49ba 00bb | 76da 7102 | 0000 41ff | d248 83ec | 10c5 fb11 | 0424 4883 | ec10 4889 | 0424 48c7 
  0x00000271da76ce60: 4424 0800 | 0000 0049 | c787 a803 | 0000 0000 | 0000 49c7 | 87b8 0300 | 0000 0000 | 0049 c787 
  0x00000271da76ce80: b003 0000 | 0000 0000 | c5f8 774d | 8b9f 3804 | 0000 41c7 | 8300 0100 | 0000 0000 | 0049 bb3a 
  0x00000271da76cea0: a476 da71 | 0200 004c | 3b5d 180f | 8555 0100 | 0048 8b04 | 2448 83c4 | 1048 85c0 | 0f84 2f01 
  0x00000271da76cec0: 0000 a803 | 0f85 0800 | 0000 488b | 00e9 1f01 | 0000 a801 | 0f85 0900 | 0000 488b | 40fe e90e 
  0x00000271da76cee0: 0100 0048 | 8b40 ff41 | 807f 4800 | 0f84 ff00 | 0000 4883 | f800 0f84 | f500 0000 | 4d8b 5f38 
  0x00000271da76cf00: 4d85 db0f | 8414 0000 | 0049 83eb | 084d 895f | 384d 035f | 4049 8903 | e9d4 0000 | 0048 83ec 
  0x00000271da76cf20: 7048 8904 | 2448 894c | 2408 4889 | 5424 104c | 8944 2418 | 4c89 4c24 | 204c 8954 | 2428 4c89 
  0x00000271da76cf40: 5c24 30c5 | fb11 4424 | 40c5 fb11 | 4c24 48c5 | fb11 5424 | 50c5 fb11 | 5c24 58c5 | fb11 6424 
  0x00000271da76cf60: 60c5 fb11 | 6c24 6849 | 8bd7 488b | c848 83ec | 2040 f6c4 | 0f0f 8419 | 0000 0048 | 83ec 0848 
  0x00000271da76cf80: b890 49d1 | 7afa 7f00 | 00ff d048 | 83c4 08e9 | 0c00 0000 | 48b8 9049 | d17a fa7f | 0000 ffd0 
  0x00000271da76cfa0: 4883 c420 | c5fb 106c | 2468 c5fb | 1064 2460 | c5fb 105c | 2458 c5fb | 1054 2450 | c5fb 104c 
  0x00000271da76cfc0: 2448 c5fb | 1044 2440 | 4c8b 5c24 | 304c 8b54 | 2428 4c8b | 4c24 204c | 8b44 2418 | 488b 5424 
  0x00000271da76cfe0: 1048 8b4c | 2408 488b | 0424 4883 | c470 c5f8 | 7748 8945 | 1048 83ec | 1048 8904 | 2448 c744 
  0x00000271da76d000: 2408 0000 | 0000 4183 | bfd0 0400 | 0002 0f85 | bf00 0000 | 4881 ec80 | 0000 0048 | 8944 2478 
  0x00000271da76d020: 4889 4c24 | 7048 8954 | 2468 4889 | 5c24 6048 | 896c 2450 | 4889 7424 | 4848 897c | 2440 4c89 
  0x00000271da76d040: 4424 384c | 894c 2430 | 4c89 5424 | 284c 895c | 2420 4c89 | 6424 184c | 896c 2410 | 4c89 7424 
  0x00000271da76d060: 084c 893c | 244c 8be4 | 4883 ec20 | 4883 e4f0 | 48b8 d056 | 167b fa7f | 0000 ffd0 | 498b e44c 
  0x00000271da76d080: 8b3c 244c | 8b74 2408 | 4c8b 6c24 | 104c 8b64 | 2418 4c8b | 5c24 204c | 8b54 2428 | 4c8b 4c24 
  0x00000271da76d0a0: 304c 8b44 | 2438 488b | 7c24 4048 | 8b74 2448 | 488b 6c24 | 5048 8b5c | 2460 488b | 5424 6848 
  0x00000271da76d0c0: 8b4c 2470 | 488b 4424 | 7848 81c4 | 8000 0000 | 4d33 e448 | 8b5d e84c | 8b6b 084d | 8d6d 3849 
  0x00000271da76d0e0: 837f 0800 | 0f84 bb00 | 0000 e805 | 0000 00e9 | 9600 0000 | 488d 4424 | 084c 896d | c049 8bcf 
  0x00000271da76d100: c5f8 7749 | 89af b803 | 0000 4989 | 87a8 0300 | 0048 83ec | 2040 f6c4 | 0f0f 8419 | 0000 0048 
  0x00000271da76d120: 83ec 0848 | b840 79dd | 7afa 7f00 | 00ff d048 | 83c4 08e9 | 0c00 0000 | 48b8 4079 | dd7a fa7f 
  0x00000271da76d140: 0000 ffd0 | 4883 c420 | 49c7 87a8 | 0300 0000 | 0000 0049 | c787 b803 | 0000 0000 | 0000 49c7 
  0x00000271da76d160: 87b0 0300 | 0000 0000 | 00c5 f877 | 4983 7f08 | 000f 8405 | 0000 00e9 | 443d ffff | 4c8b 6dc0 
  0x00000271da76d180: 4c8b 75c8 | 4e8d 74f5 | 00c3 48b9 | 08ec 3c7b | fa7f 0000 | 4883 e4f0 | 48b8 30a8 | 037b fa7f 
  0x00000271da76d1a0: 0000 ffd0 | f444 8b5b | 2841 f6c3 | 200f 8472 | 0100 0048 | 8d55 a84c | 8b5a 084d | 85db 0f85 
  0x00000271da76d1c0: bb00 0000 | e805 0000 | 00e9 9600 | 0000 488d | 4424 084c | 896d c049 | 8bcf c5f8 | 7749 89af 
  0x00000271da76d1e0: b803 0000 | 4989 87a8 | 0300 0048 | 83ec 2040 | f6c4 0f0f | 8419 0000 | 0048 83ec | 0848 b870 
  0x00000271da76d200: 78dd 7afa | 7f00 00ff | d048 83c4 | 08e9 0c00 | 0000 48b8 | 7078 dd7a | fa7f 0000 | ffd0 4883 
  0x00000271da76d220: c420 49c7 | 87a8 0300 | 0000 0000 | 0049 c787 | b803 0000 | 0000 0000 | 49c7 87b0 | 0300 0000 
  0x00000271da76d240: 0000 00c5 | f877 4983 | 7f08 000f | 8405 0000 | 00e9 6a3c | ffff 4c8b | 6dc0 4c8b | 75c8 4e8d 
  0x00000271da76d260: 74f5 00c3 | 48b9 08ec | 3c7b fa7f | 0000 4883 | e4f0 48b8 | 30a8 037b | fa7f 0000 | ffd0 f44c 
  0x00000271da76d280: 896d c04c | 8b4a 0848 | c742 0800 | 0000 0045 | 8b87 5806 | 0000 4f3b | 4c07 f80f | 8542 0000 
  0x00000271da76d2a0: 0041 83af | 5806 0000 | 084f 3b4c | 07f0 0f84 | 2a00 0000 | 498b 01a8 | 020f 8512 | 0000 004c 
  0x00000271da76d2c0: 8bc0 4983 | c801 f04d | 0fb1 010f | 840d 0000 | 0041 8387 | 5806 0000 | 08e9 0500 | 0000 e93e 
  0x00000271da76d2e0: 0000 004c | 894a 0848 | 8bca 4883 | ec20 40f6 | c40f 0f84 | 1900 0000 | 4883 ec08 | 48b8 904a 
  0x00000271da76d300: dd7a fa7f | 0000 ffd0 | 4883 c408 | e90c 0000 | 0048 b890 | 4add 7afa | 7f00 00ff | d048 83c4 
  0x00000271da76d320: 204c 8b6d | c048 8b04 | 2448 83c4 | 10c5 fb10 | 0424 4883 | c410 4c8b | 5d18 41ff | d34c 8b5d 
  0x00000271da76d340: f8c9 5f49 | 8be3 ffe7 | ba00 0000 | 00e8 0500 | 0000 e996 | 0000 0048 | 8d44 2408 | 4c89 6dc0 
  0x00000271da76d360: 498b cfc5 | f877 4989 | afb8 0300 | 0049 8987 | a803 0000 | 4883 ec20 | 40f6 c40f | 0f84 1900 
  0x00000271da76d380: 0000 4883 | ec08 48b8 | 303f dd7a | fa7f 0000 | ffd0 4883 | c408 e90c | 0000 0048 | b830 3fdd 
  0x00000271da76d3a0: 7afa 7f00 | 00ff d048 | 83c4 2049 | c787 a803 | 0000 0000 | 0000 49c7 | 87b8 0300 | 0000 0000 
  0x00000271da76d3c0: 0049 c787 | b003 0000 | 0000 0000 | c5f8 7749 | 837f 0800 | 0f84 0500 | 0000 e9e1 | 3aff ff4c 
  0x00000271da76d3e0: 8b6d c04c | 8b75 c84e | 8d74 f500 | c348 8b5d | e8e9 40f7 | ffff 6690 
[/MachCode]

Compiled method (c2) 102445 5174       4       javafx.beans.property.ObjectPropertyBase::set (76 bytes)
 total in heap  [0x00000271daf8bb08,0x00000271daf8be88] = 896
 relocation     [0x00000271daf8bbe0,0x00000271daf8bc08] = 40
 main code      [0x00000271daf8bc20,0x00000271daf8be48] = 552
 stub code      [0x00000271daf8be48,0x00000271daf8be60] = 24
 oops           [0x00000271daf8be60,0x00000271daf8be68] = 8
 metadata       [0x00000271daf8be68,0x00000271daf8be88] = 32
 immutable data [0x00000271c58057a0,0x00000271c5805868] = 200
 dependencies   [0x00000271c58057a0,0x00000271c58057b0] = 16
 handler table  [0x00000271c58057b0,0x00000271c58057e0] = 48
 scopes pcs     [0x00000271c58057e0,0x00000271c5805830] = 80
 scopes data    [0x00000271c5805830,0x00000271c5805868] = 56

[Constant Pool (empty)]

[MachCode]
[Instructions begin]
  0x00000271daf8bc20: 6690 448b | 5208 443b 

  0x00000271daf8bc28: ;   {runtime_call Shared Runtime ic_miss_blob}
  0x00000271daf8bc28: 5008 0f85 | 302b 82ff 
[Verified Entry Point]
  0x00000271daf8bc30: 8984 2400 | 80ff ff55 | 4883 ec20 | 4181 7f20 | 0300 0000 | 0f85 f101 | 0000 488b | ea44 8b5a 
  0x00000271daf8bc50: 1445 85db | 0f85 b600 | 0000 448b | 5a10 4d8b | d349 c1e2 | 034d 3bd0 | 0f84 9200 | 0000 440f 
  0x00000271daf8bc70: b652 0c48 | 8d4a 1041 | 807f 4800 | 0f85 bc00 | 0000 4d8b | c849 c1e9 | 0344 8909 | 4c8b d94d 
  0x00000271daf8bc90: 33d8 49c1 | eb15 0f84 | 2800 0000 | 4983 f800 | 0f84 1e00 | 0000 4c8b | d949 c1eb | 0949 b900 
  0x00000271daf8bcb0: c016 df71 | 0200 004d | 03d9 4180 | 3b02 0f85 | f600 0000 | 4585 d274 | 3744 8862 | 0c48 b840 
  0x00000271daf8bcd0: f617 c571 

  0x00000271daf8bcd4: ;   {virtual_call}
  0x00000271daf8bcd4: 0200 00e8 

  0x00000271daf8bcd8: ; ImmutableOopMap {rbp=Oop }
                      ;*invokevirtual invalidated {reexecute=0 rethrow=0 return_oop=0}
                      ; - javafx.beans.property.ObjectPropertyBase::markInvalid@13 (line 112)
                      ; - javafx.beans.property.ObjectPropertyBase::set@72 (line 147)
  0x00000271daf8bcd8: 8421 8fff 

  0x00000271daf8bcdc: ;   {post_call_nop}
  0x00000271daf8bcdc: 0f1f 8400 | d401 0000 | 488b d566 | 9048 b868 | f617 c571 

  0x00000271daf8bcf0: ;   {virtual_call}
  0x00000271daf8bcf0: 0200 00e8 

  0x00000271daf8bcf4: ; ImmutableOopMap {}
                      ;*invokevirtual fireValueChangedEvent {reexecute=0 rethrow=0 return_oop=0}
                      ; - javafx.beans.property.ObjectPropertyBase::markInvalid@17 (line 113)
                      ; - javafx.beans.property.ObjectPropertyBase::set@72 (line 147)
  0x00000271daf8bcf4: 9821 8fff 

  0x00000271daf8bcf8: ;   {post_call_nop}
  0x00000271daf8bcf8: 0f1f 8400 | f001 0001 | 4883 c420 

  0x00000271daf8bd04: ;   {poll_return}
  0x00000271daf8bd04: 5d49 3b67 | 280f 8716 | 0100 00c3 | ba4d ffff | ff4c 8904 | 2444 895c 

  0x00000271daf8bd1c: ;   {runtime_call UncommonTrapBlob}
  0x00000271daf8bd1c: 2408 90e8 

  0x00000271daf8bd20: ; ImmutableOopMap {rbp=Oop [0]=Oop [8]=NarrowOop }
                      ;*ifnull {reexecute=1 rethrow=0 return_oop=0}
                      ; - (reexecute) javafx.beans.property.ObjectPropertyBase::isBound@4 (line 156)
                      ; - javafx.beans.property.ObjectPropertyBase::set@1 (line 141)
  0x00000271daf8bd20: bc1a 85ff 

  0x00000271daf8bd24: ;   {post_call_nop}
  0x00000271daf8bd24: 0f1f 8400 | 1c02 0002 | 488b d0eb | 0348 8bd0 | 4883 c420 

  0x00000271daf8bd38: ;   {runtime_call C2 Runtime rethrow}
  0x00000271daf8bd38: 5de9 a279 | 85ff 448b | 0949 c1e1 | 0349 83f9 | 000f 8433 | ffff ff4d | 8b5f 384d | 85db 0f84 
  0x00000271daf8bd58: 1400 0000 | 4983 eb08 | 4d89 5f38 | 4d03 5f40 | 4d89 0be9 | 12ff ffff | 4883 ec40 | 4c89 5424 
  0x00000271daf8bd78: 384c 8944 | 2430 4889 | 4c24 2848 | 8954 2420 | 498b c949 

  0x00000271daf8bd8c: ;   {runtime_call}
  0x00000271daf8bd8c: 8bd7 48b8 | 9049 d17a | fa7f 0000 | ffd0 488b | 5424 2048 | 8b4c 2428 | 4c8b 4424 | 304c 8b54 
  0x00000271daf8bdac: 2438 c5f8 | 7748 83c4 | 40e9 c8fe | ffff f083 | 4424 c000 | 4180 3b00 | 0f84 fafe | ffff 41c6 
  0x00000271daf8bdcc: 0300 4d8b | 4f50 4d85 | c90f 8414 | 0000 0049 | 83e9 084d | 894f 504d | 034f 584d | 8919 e9d5 
  0x00000271daf8bdec: feff ff48 | 83ec 304c | 8954 2428 | 4889 5424 | 2049 8bcb 

  0x00000271daf8be00: ;   {runtime_call}
  0x00000271daf8be00: 498b d748 | b870 49d1 | 7afa 7f00 | 00ff d048 | 8b54 2420 | 4c8b 5424 | 28c5 f877 | 4883 c430 
  0x00000271daf8be20: e99f feff 

  0x00000271daf8be24: ;   {internal_word}
  0x00000271daf8be24: ff49 ba05 | bdf8 da71 | 0200 004d | 8997 6004 

  0x00000271daf8be34: ;   {runtime_call SafepointBlob}
  0x00000271daf8be34: 0000 e9a5 

  0x00000271daf8be38: ;   {runtime_call StubRoutines (final stubs)}
  0x00000271daf8be38: 9e82 ffe8 | c09b 80ff | e905 feff | fff4 f4f4 
[Exception Handler]
  0x00000271daf8be48: ;   {no_reloc}
  0x00000271daf8be48: e993 1c85 | ffe8 0000 | 0000 4883 

  0x00000271daf8be54: ;   {runtime_call DeoptimizationBlob}
  0x00000271daf8be54: 2c24 05e9 | 2494 82ff | f4f4 f4f4 
[/MachCode]


Compiled method (c1) 102451 3853       3       javafx.beans.property.IntegerPropertyBase::fireValueChangedEvent (8 bytes)
 total in heap  [0x00000271d3884c88,0x00000271d3885030] = 936
 relocation     [0x00000271d3884d60,0x00000271d3884da8] = 72
 main code      [0x00000271d3884dc0,0x00000271d3884fd0] = 528
 stub code      [0x00000271d3884fd0,0x00000271d3885018] = 72
 oops           [0x00000271d3885018,0x00000271d3885020] = 8
 metadata       [0x00000271d3885020,0x00000271d3885030] = 16
 immutable data [0x00000271c636b8d0,0x00000271c636b968] = 152
 dependencies   [0x00000271c636b8d0,0x00000271c636b8d8] = 8
 nul chk table  [0x00000271c636b8d8,0x00000271c636b8e8] = 16
 scopes pcs     [0x00000271c636b8e8,0x00000271c636b948] = 96
 scopes data    [0x00000271c636b948,0x00000271c636b968] = 32

[Constant Pool (empty)]

[MachCode]
[Instructions begin]
  0x00000271d3884dc0: 6666 660f | 1f84 0000 | 0000 0066 | 6666 9066 | 6690 448b | 5208 443b 

  0x00000271d3884dd8: ;   {runtime_call Shared Runtime ic_miss_blob}
  0x00000271d3884dd8: 5008 0f85 | 8099 f206 
[Verified Entry Point]
  0x00000271d3884de0: 8984 2400 | 80ff ff55 | 4883 ec30 | 4181 7f20 | 0300 0000 

  0x00000271d3884df4: ;   {runtime_call StubRoutines (final stubs)}
  0x00000271d3884df4: 7405 e805 

  0x00000271d3884df8: ;   {metadata(method data for {method} {0x00000271c167ad70} 'fireValueChangedEvent' '()V' in 'javafx/beans/property/IntegerPropertyBase')}
  0x00000271d3884df8: 0cf1 0648 | be60 5ba1 | c171 0200 | 008b becc | 0000 0083 | c702 89be | cc00 0000 | 81e7 fe07 
  0x00000271d3884e18: 0000 85ff | 0f84 2a01 | 0000 8b52 | 1c48 c1e2 

  0x00000271d3884e28: ;   {metadata(method data for {method} {0x00000271c167ad70} 'fireValueChangedEvent' '()V' in 'javafx/beans/property/IntegerPropertyBase')}
  0x00000271d3884e28: 0348 be60 | 5ba1 c171 | 0200 0048 | 8386 1001 

  0x00000271d3884e38: ;   {metadata(method data for {method} {0x00000271c15a4a88} 'fireValueChangedEvent' '(Lcom/sun/javafx/binding/ExpressionHelper;)V' in 'com/sun/javafx/binding/ExpressionHelper')}
  0x00000271d3884e38: 0000 0148 | be78 dd7a | c171 0200 | 008b becc | 0000 0083 | c702 89be | cc00 0000 | 81e7 feff 
  0x00000271d3884e58: 1f00 85ff | 0f84 0b01 | 0000 4885 

  0x00000271d3884e64: ;   {metadata(method data for {method} {0x00000271c15a4a88} 'fireValueChangedEvent' '(Lcom/sun/javafx/binding/ExpressionHelper;)V' in 'com/sun/javafx/binding/ExpressionHelper')}
  0x00000271d3884e64: d248 be78 | dd7a c171 | 0200 00bf | 1001 0000 | 7405 bf20 | 0100 0048 | 8b1c 3e48 | 8d5b 0148 
  0x00000271d3884e84: 891c 3e0f | 84af 0000 | 0048 3b02 

  0x00000271d3884e90: ;   {metadata(method data for {method} {0x00000271c15a4a88} 'fireValueChangedEvent' '(Lcom/sun/javafx/binding/ExpressionHelper;)V' in 'com/sun/javafx/binding/ExpressionHelper')}
  0x00000271d3884e90: 488b f248 | bf78 dd7a | c171 0200 | 008b 7608 | 49ba 0000 | 0080 7102 | 0000 4903 | f248 3bb7 
  0x00000271d3884eb0: 3801 0000 | 750d 4883 | 8740 0100 | 0001 e960 | 0000 0048 | 3bb7 4801 | 0000 750d | 4883 8750 
  0x00000271d3884ed0: 0100 0001 | e94a 0000 | 0048 83bf | 3801 0000 | 0075 1748 | 89b7 3801 | 0000 48c7 | 8740 0100 
  0x00000271d3884ef0: 0001 0000 | 00e9 2900 | 0000 4883 | bf48 0100 | 0000 7517 | 4889 b748 | 0100 0048 | c787 5001 
  0x00000271d3884f10: 0000 0100 | 0000 e908 | 0000 0048 | 8387 3001 | 0000 0166 | 9048 b820 | 50af c571 

  0x00000271d3884f2c: ;   {virtual_call}
  0x00000271d3884f2c: 0200 00e8 

  0x00000271d3884f30: ; ImmutableOopMap {}
                      ;*invokevirtual fireValueChangedEvent {reexecute=0 rethrow=0 return_oop=0}
                      ; - com.sun.javafx.binding.ExpressionHelper::fireValueChangedEvent@5 (line 91)
                      ; - javafx.beans.property.IntegerPropertyBase::fireValueChangedEvent@4 (line 107)
  0x00000271d3884f30: 5df1 f206 

  0x00000271d3884f34: ;   {post_call_nop}
  0x00000271d3884f34: 0f1f 8400 | ac02 0000 | 4883 c430 

  0x00000271d3884f40: ;   {poll_return}
  0x00000271d3884f40: 5d49 3b67 | 280f 8748 | 0000 00c3 

  0x00000271d3884f4c: ;   {metadata({method} {0x00000271c167ad70} 'fireValueChangedEvent' '()V' in 'javafx/beans/property/IntegerPropertyBase')}
  0x00000271d3884f4c: 49ba 68ad | 67c1 7102 | 0000 4c89 | 5424 0848 | c704 24ff 

  0x00000271d3884f60: ;   {runtime_call C1 Runtime counter_overflow_blob}
  0x00000271d3884f60: ffff ffe8 

  0x00000271d3884f64: ; ImmutableOopMap {rdx=Oop }
                      ;*synchronization entry
                      ; - javafx.beans.property.IntegerPropertyBase::fireValueChangedEvent@-1 (line 107)
  0x00000271d3884f64: f879 ff06 | e9b5 feff 

  0x00000271d3884f6c: ;   {metadata({method} {0x00000271c15a4a88} 'fireValueChangedEvent' '(Lcom/sun/javafx/binding/ExpressionHelper;)V' in 'com/sun/javafx/binding/ExpressionHelper')}
  0x00000271d3884f6c: ff49 ba80 | 4a5a c171 | 0200 004c | 8954 2408 | 48c7 0424 | ffff ffff 

  0x00000271d3884f84: ;   {runtime_call C1 Runtime counter_overflow_blob}
  0x00000271d3884f84: e8d7 79ff 

  0x00000271d3884f88: ; ImmutableOopMap {rdx=Oop }
                      ;*synchronization entry
                      ; - com.sun.javafx.binding.ExpressionHelper::fireValueChangedEvent@-1 (line 90)
                      ; - javafx.beans.property.IntegerPropertyBase::fireValueChangedEvent@4 (line 107)
  0x00000271d3884f88: 06e9 d4fe 

  0x00000271d3884f8c: ;   {runtime_call C1 Runtime throw_null_pointer_exception_blob}
  0x00000271d3884f8c: ffff e8cd 

  0x00000271d3884f90: ; ImmutableOopMap {rdx=Oop }
                      ;*invokevirtual fireValueChangedEvent {reexecute=0 rethrow=0 return_oop=0}
                      ; - com.sun.javafx.binding.ExpressionHelper::fireValueChangedEvent@5 (line 91)
                      ; - javafx.beans.property.IntegerPropertyBase::fireValueChangedEvent@4 (line 107)
                      ;   {internal_word}
  0x00000271d3884f90: 28ff 0649 | ba41 4f88 | d371 0200 | 004d 8997 | 6004 0000 

  0x00000271d3884fa4: ;   {runtime_call SafepointBlob}
  0x00000271d3884fa4: e937 0df3 | 0649 8b87 | 0805 0000 | 49c7 8708 | 0500 0000 | 0000 0049 | c787 1005 | 0000 0000 
  0x00000271d3884fc4: 0000 4883 

  0x00000271d3884fc8: ;   {runtime_call C1 Runtime unwind_exception_blob}
  0x00000271d3884fc8: c430 5de9 | 9019 ff06 
[Stub Code]
  0x00000271d3884fd0: ;   {no_reloc}
  0x00000271d3884fd0: 0f1f 4400 

  0x00000271d3884fd4: ;   {static_stub}
  0x00000271d3884fd4: 0048 bb00 | 0000 0000 

  0x00000271d3884fdc: ;   {runtime_call nmethod}
  0x00000271d3884fdc: 0000 00e9 | fbff ffff 
[Exception Handler]
  0x00000271d3884fe4: ;   {runtime_call C1 Runtime handle_exception_from_callee_blob}
  0x00000271d3884fe4: e877 46ff 

  0x00000271d3884fe8: ;   {external_word}
  0x00000271d3884fe8: 0648 b908 | ec3c 7bfa | 7f00 0048 

  0x00000271d3884ff4: ;   {runtime_call}
  0x00000271d3884ff4: 83e4 f048 | b830 a803 | 7bfa 7f00 | 00ff d0f4 
[Deopt Handler Code]
  0x00000271d3885004: ;   {section_word}
  0x00000271d3885004: 49ba 0450 | 88d3 7102 | 0000 4152 

  0x00000271d3885010: ;   {runtime_call DeoptimizationBlob}
  0x00000271d3885010: e96b 02f3 | 06f4 f4f4 
[/MachCode]


---------------  P R O C E S S  ---------------

Threads class SMR info:
_java_thread_list=0x00000271c651f9b0, length=40, elements={
0x00000271ca990fe0, 0x00000271e941d810, 0x00000271e941f790, 0x00000271e94212d0,
0x00000271e9421e00, 0x00000271e9422930, 0x00000271e9423460, 0x00000271e94242c0,
0x00000271e9489820, 0x00000271c5062bf0, 0x00000271c5d54a00, 0x00000271c5d12020,
0x00000271c6350f00, 0x00000271c5d840b0, 0x00000271c5d7b5e0, 0x00000271c667f820,
0x00000271c67646a0, 0x00000271c6607e00, 0x00000271c66076b0, 0x00000271c6606f60,
0x00000271c6608550, 0x00000271c6392b20, 0x00000271c6394110, 0x00000271c6a68fb0,
0x00000271c6a6acf0, 0x00000271c6a68860, 0x00000271c6a6b440, 0x00000271c6a6bb90,
0x00000271c6a64de0, 0x00000271c6a6c2e0, 0x00000271c63939c0, 0x00000271c50abdc0,
0x00000271c50af840, 0x00000271c50aaf20, 0x00000271c50acc60, 0x00000271c50aff90,
0x00000271c50af0f0, 0x00000271c50ac510, 0x00000271c50ad3b0, 0x00000271c50b06e0
}

Java Threads: ( => current thread )
  0x00000271ca990fe0 JavaThread "main"                              [_thread_blocked, id=13828, stack(0x000000cfd5c00000,0x000000cfd5d00000) (1024K)]
  0x00000271e941d810 JavaThread "Reference Handler"          daemon [_thread_blocked, id=9692, stack(0x000000cfd6400000,0x000000cfd6500000) (1024K)]
  0x00000271e941f790 JavaThread "Finalizer"                  daemon [_thread_blocked, id=12596, stack(0x000000cfd6500000,0x000000cfd6600000) (1024K)]
  0x00000271e94212d0 JavaThread "Signal Dispatcher"          daemon [_thread_blocked, id=8828, stack(0x000000cfd6600000,0x000000cfd6700000) (1024K)]
  0x00000271e9421e00 JavaThread "Attach Listener"            daemon [_thread_blocked, id=11748, stack(0x000000cfd6700000,0x000000cfd6800000) (1024K)]
  0x00000271e9422930 JavaThread "Service Thread"             daemon [_thread_blocked, id=13740, stack(0x000000cfd6800000,0x000000cfd6900000) (1024K)]
  0x00000271e9423460 JavaThread "Monitor Deflation Thread"   daemon [_thread_blocked, id=6572, stack(0x000000cfd6900000,0x000000cfd6a00000) (1024K)]
  0x00000271e94242c0 JavaThread "C2 CompilerThread0"         daemon [_thread_blocked, id=5372, stack(0x000000cfd6a00000,0x000000cfd6b00000) (1024K)]
  0x00000271e9489820 JavaThread "C1 CompilerThread0"         daemon [_thread_blocked, id=7252, stack(0x000000cfd6b00000,0x000000cfd6c00000) (1024K)]
  0x00000271c5062bf0 JavaThread "Common-Cleaner"             daemon [_thread_blocked, id=8260, stack(0x000000cfd6c00000,0x000000cfd6d00000) (1024K)]
  0x00000271c5d54a00 JavaThread "Monitor Ctrl-Break"         daemon [_thread_in_native, id=8424, stack(0x000000cfd6e00000,0x000000cfd6f00000) (1024K)]
  0x00000271c5d12020 JavaThread "Notification Thread"        daemon [_thread_blocked, id=11980, stack(0x000000cfd6f00000,0x000000cfd7000000) (1024K)]
  0x00000271c6350f00 JavaThread "QuantumRenderer-0"          daemon [_thread_blocked, id=14256, stack(0x000000cfd7000000,0x000000cfd7100000) (1024K)]
  0x00000271c5d840b0 JavaThread "InvokeLaterDispatcher"      daemon [_thread_blocked, id=9132, stack(0x000000cfd7100000,0x000000cfd7200000) (1024K)]
=>0x00000271c5d7b5e0 JavaThread "JavaFX Application Thread"         [_thread_in_vm, id=8540, stack(0x000000cfd7200000,0x000000cfd7300000) (1024K)]
  0x00000271c667f820 JavaThread "Thread-1"                   daemon [_thread_blocked, id=13512, stack(0x000000cfd7b00000,0x000000cfd7c00000) (1024K)]
  0x00000271c67646a0 JavaThread "JavaFX-Launcher"                   [_thread_blocked, id=3220, stack(0x000000cfd7c00000,0x000000cfd7d00000) (1024K)]
  0x00000271c6607e00 JavaThread "Prism Font Disposer"        daemon [_thread_blocked, id=3252, stack(0x000000cfd8200000,0x000000cfd8300000) (1024K)]
  0x00000271c66076b0 JavaThread "Media Resource Disposer"    daemon [_thread_blocked, id=6396, stack(0x000000cfd8300000,0x000000cfd8400000) (1024K)]
  0x00000271c6606f60 JavaThread "JFXMedia Player EventQueueThread" daemon [_thread_blocked, id=13088, stack(0x000000cfd8500000,0x000000cfd8600000) (1024K)]
  0x00000271c6608550 JavaThread "JFXMedia Player EventQueueThread" daemon [_thread_blocked, id=11308, stack(0x000000cfd8800000,0x000000cfd8900000) (1024K)]
  0x00000271c6392b20 JavaThread "Cleaner-0"                  daemon [_thread_blocked, id=14236, stack(0x000000cfd9300000,0x000000cfd9400000) (1024K)]
  0x00000271c6394110 JavaThread "Thread-2323"                daemon [_thread_blocked, id=10512, stack(0x000000cfd9400000,0x000000cfd9500000) (1024K)]
  0x00000271c6a68fb0 JavaThread "JFXMedia Player EventQueueThread" daemon [_thread_blocked, id=12832, stack(0x000000cfda800000,0x000000cfda900000) (1024K)]
  0x00000271c6a6acf0 JavaThread "JFXMedia Player EventQueueThread" daemon [_thread_blocked, id=12220, stack(0x000000cfdad00000,0x000000cfdae00000) (1024K)]
  0x00000271c6a68860 JavaThread "JFXMedia Player EventQueueThread" daemon [_thread_blocked, id=12848, stack(0x000000cfdb200000,0x000000cfdb300000) (1024K)]
  0x00000271c6a6b440 JavaThread "JFXMedia Player EventQueueThread" daemon [_thread_blocked, id=8956, stack(0x000000cfdb700000,0x000000cfdb800000) (1024K)]
  0x00000271c6a6bb90 JavaThread "JFXMedia Player EventQueueThread" daemon [_thread_blocked, id=11464, stack(0x000000cfdbc00000,0x000000cfdbd00000) (1024K)]
  0x00000271c6a64de0 JavaThread "JFXMedia Player EventQueueThread" daemon [_thread_blocked, id=5144, stack(0x000000cfdc100000,0x000000cfdc200000) (1024K)]
  0x00000271c6a6c2e0 JavaThread "JFXMedia Player EventQueueThread" daemon [_thread_blocked, id=9632, stack(0x000000cfdc600000,0x000000cfdc700000) (1024K)]
  0x00000271c63939c0 JavaThread "JFXMedia Player EventQueueThread" daemon [_thread_blocked, id=9484, stack(0x000000cfdcb00000,0x000000cfdcc00000) (1024K)]
  0x00000271c50abdc0 JavaThread "JFXMedia Player EventQueueThread" daemon [_thread_blocked, id=13244, stack(0x000000cfdd300000,0x000000cfdd400000) (1024K)]
  0x00000271c50af840 JavaThread "JFXMedia Player EventQueueThread" daemon [_thread_blocked, id=2240, stack(0x000000cfdd900000,0x000000cfdda00000) (1024K)]
  0x00000271c50aaf20 JavaThread "JFXMedia Player EventQueueThread" daemon [_thread_blocked, id=7092, stack(0x000000cfdde00000,0x000000cfddf00000) (1024K)]
  0x00000271c50acc60 JavaThread "JFXMedia Player EventQueueThread" daemon [_thread_blocked, id=13956, stack(0x000000cfde300000,0x000000cfde400000) (1024K)]
  0x00000271c50aff90 JavaThread "JFXMedia Player EventQueueThread" daemon [_thread_blocked, id=13428, stack(0x000000cfd9500000,0x000000cfd9600000) (1024K)]
  0x00000271c50af0f0 JavaThread "JFXMedia Player EventQueueThread" daemon [_thread_blocked, id=12688, stack(0x000000cfd9a00000,0x000000cfd9b00000) (1024K)]
  0x00000271c50ac510 JavaThread "JFXMedia Player EventQueueThread" daemon [_thread_blocked, id=3716, stack(0x000000cfd9f00000,0x000000cfda000000) (1024K)]
  0x00000271c50ad3b0 JavaThread "JFXMedia Player EventQueueThread" daemon [_thread_blocked, id=12896, stack(0x000000cfda600000,0x000000cfda700000) (1024K)]
  0x00000271c50b06e0 JavaThread "Unknown thread"             [_thread_blocked, id=14004, stack(0x000000cfda500000,0x000000cfda600000) (1024K)]
Total: 40

Other Threads:
  0x00000271e9411bc0 VMThread "VM Thread"                           [id=3484, stack(0x000000cfd6300000,0x000000cfd6400000) (1024K)] _threads_hazard_ptr=0x00000271c651f9b0
  0x00000271e94063e0 WatcherThread "VM Periodic Task Thread"        [id=9616, stack(0x000000cfd6200000,0x000000cfd6300000) (1024K)]
  0x00000271ca9f6bc0 WorkerThread "GC Thread#0"                     [id=3964, stack(0x000000cfd5d00000,0x000000cfd5e00000) (1024K)]
  0x00000271c5c80210 WorkerThread "GC Thread#1"                     [id=14028, stack(0x000000cfd7d00000,0x000000cfd7e00000) (1024K)]
  0x00000271c5c805c0 WorkerThread "GC Thread#2"                     [id=10636, stack(0x000000cfd7e00000,0x000000cfd7f00000) (1024K)]
  0x00000271c5c80970 WorkerThread "GC Thread#3"                     [id=9140, stack(0x000000cfd7f00000,0x000000cfd8000000) (1024K)]
  0x00000271caa0ac70 ConcurrentGCThread "G1 Main Marker"            [id=10224, stack(0x000000cfd5e00000,0x000000cfd5f00000) (1024K)]
  0x00000271caa0b900 WorkerThread "G1 Conc#0"                       [id=13796, stack(0x000000cfd5f00000,0x000000cfd6000000) (1024K)]
  0x00000271caa4e710 ConcurrentGCThread "G1 Refine#0"               [id=5936, stack(0x000000cfd6000000,0x000000cfd6100000) (1024K)]
  0x00000271e92d5640 ConcurrentGCThread "G1 Service"                [id=13824, stack(0x000000cfd6100000,0x000000cfd6200000) (1024K)]
Total: 10

Threads with active compile tasks:
Total: 0

VM state: synchronizing (normal execution)

VM Mutex/Monitor currently owned by a thread:  ([mutex/lock_event])
[0x00007ffa7b6844b0] Threads_lock - owner thread: 0x00000271e9411bc0
[0x00007ffa7b6845b0] Heap_lock - owner thread: 0x00000271c50b06e0

Heap address: 0x000000070c800000, size: 3896 MB, Compressed Oops mode: Zero based, Oop shift amount: 3

CDS archive(s) mapped at: [0x0000027180000000-0x0000027180d40000-0x0000027180d40000), size 13893632, SharedBaseAddress: 0x0000027180000000, ArchiveRelocationMode: 1.
Compressed class space mapped at: 0x0000027181000000-0x00000271c1000000, reserved size: 1073741824
UseCompressedClassPointers 1, UseCompactObjectHeaders 0
Narrow klass pointer bits 32, Max shift 3
Narrow klass base: 0x0000027180000000, Narrow klass shift: 0
Encoding Range: [0x0000027180000000 - 0x0000027280000000), (4294967296 bytes)
Klass Range:    [0x0000027180000000 - 0x00000271c1000000), (1090519040 bytes)
Klass ID Range:  [8 - 1090519033) (1090519025)

GC Precious Log:
 CardTable entry size: 512
 Card Set container configuration: InlinePtr #cards 4 size 8 Array Of Cards #cards 16 size 48 Howl #buckets 8 coarsen threshold 3686 Howl Bitmap #cards 512 size 80 coarsen threshold 460 Card regions per heap region 1 cards per card region 4096
 CPUs: 4 total, 4 available
 Memory: 15579M
 Large Page Support: Disabled
 NUMA Support: Disabled
 Compressed Oops: Enabled (Zero based)
 Heap Region Size: 2M
 Heap Min Capacity: 8M
 Heap Initial Capacity: 244M
 Heap Max Capacity: 3896M
 Pre-touch: Disabled
 Parallel Workers: 4
 Concurrent Workers: 1
 Concurrent Refinement Workers: 4
 Periodic GC: Disabled

Heap:
 garbage-first heap   total reserved 3989504K, committed 253952K, used 233757K [0x000000070c800000, 0x0000000800000000)
  region size 2048K, 56 young (114688K), 1 survivors (2048K)
 Metaspace       used 17231K, committed 17472K, reserved 1114112K
  class space    used 2135K, committed 2240K, reserved 1048576K

Heap Regions: E=young(eden), S=young(survivor), O=old, HS=humongous(starts), HC=humongous(continues), CS=collection set, F=free, TAMS=top-at-mark-start, PB=parsable bottom
|   0|0x000000070c800000, 0x000000070ca00000, 0x000000070ca00000|100%| O|  |TAMS 0x000000070c800000| PB 0x000000070c800000| Untracked |  0
|   1|0x000000070ca00000, 0x000000070cc00000, 0x000000070cc00000|100%|HS|  |TAMS 0x000000070ca00000| PB 0x000000070ca00000| Complete |  0
|   2|0x000000070cc00000, 0x000000070ce00000, 0x000000070ce00000|100%|HS|  |TAMS 0x000000070cc00000| PB 0x000000070cc00000| Complete |  0
|   3|0x000000070ce00000, 0x000000070d000000, 0x000000070d000000|100%|HC|  |TAMS 0x000000070ce00000| PB 0x000000070ce00000| Complete |  0
|   4|0x000000070d000000, 0x000000070d200000, 0x000000070d200000|100%|HS|  |TAMS 0x000000070d000000| PB 0x000000070d000000| Complete |  0
|   5|0x000000070d200000, 0x000000070d400000, 0x000000070d400000|100%|HC|  |TAMS 0x000000070d200000| PB 0x000000070d200000| Complete |  0
|   6|0x000000070d400000, 0x000000070d600000, 0x000000070d600000|100%|HS|  |TAMS 0x000000070d400000| PB 0x000000070d400000| Complete |  0
|   7|0x000000070d600000, 0x000000070d800000, 0x000000070d800000|100%|HC|  |TAMS 0x000000070d600000| PB 0x000000070d600000| Complete |  0
|   8|0x000000070d800000, 0x000000070da00000, 0x000000070da00000|100%|HS|  |TAMS 0x000000070d800000| PB 0x000000070d800000| Complete |  0
|   9|0x000000070da00000, 0x000000070dc00000, 0x000000070dc00000|100%| O|  |TAMS 0x000000070da00000| PB 0x000000070da00000| Untracked |  0
|  10|0x000000070dc00000, 0x000000070de00000, 0x000000070de00000|100%| O|  |TAMS 0x000000070dc00000| PB 0x000000070dc00000| Untracked |  0
|  11|0x000000070de00000, 0x000000070e000000, 0x000000070e000000|100%| O|  |TAMS 0x000000070de00000| PB 0x000000070de00000| Untracked |  0
|  12|0x000000070e000000, 0x000000070e200000, 0x000000070e200000|100%| O|  |TAMS 0x000000070e000000| PB 0x000000070e000000| Untracked |  0
|  13|0x000000070e200000, 0x000000070e400000, 0x000000070e400000|100%| O|  |TAMS 0x000000070e200000| PB 0x000000070e200000| Untracked |  0
|  14|0x000000070e400000, 0x000000070e600000, 0x000000070e600000|100%| O|  |TAMS 0x000000070e400000| PB 0x000000070e400000| Untracked |  0
|  15|0x000000070e600000, 0x000000070e800000, 0x000000070e800000|100%|HS|  |TAMS 0x000000070e600000| PB 0x000000070e600000| Complete |  0
|  16|0x000000070e800000, 0x000000070ea00000, 0x000000070ea00000|100%| O|  |TAMS 0x000000070e800000| PB 0x000000070e800000| Untracked |  0
|  17|0x000000070ea00000, 0x000000070ec00000, 0x000000070ec00000|100%|HS|  |TAMS 0x000000070ea00000| PB 0x000000070ea00000| Complete |  0
|  18|0x000000070ec00000, 0x000000070ec47b10, 0x000000070ee00000| 14%| O|  |TAMS 0x000000070ec00000| PB 0x000000070ec00000| Untracked |  0
|  19|0x000000070ee00000, 0x000000070f000000, 0x000000070f000000|100%|HS|  |TAMS 0x000000070ee00000| PB 0x000000070ee00000| Complete |  0
|  20|0x000000070f000000, 0x000000070f000000, 0x000000070f200000|  0%| F|  |TAMS 0x000000070f000000| PB 0x000000070f000000| Untracked |  0
|  21|0x000000070f200000, 0x000000070f400000, 0x000000070f400000|100%|HS|  |TAMS 0x000000070f200000| PB 0x000000070f200000| Complete |  0
|  22|0x000000070f400000, 0x000000070f600000, 0x000000070f600000|100%|HC|  |TAMS 0x000000070f400000| PB 0x000000070f400000| Complete |  0
|  23|0x000000070f600000, 0x000000070f800000, 0x000000070f800000|100%|HC|  |TAMS 0x000000070f600000| PB 0x000000070f600000| Complete |  0
|  24|0x000000070f800000, 0x000000070fa00000, 0x000000070fa00000|100%|HS|  |TAMS 0x000000070f800000| PB 0x000000070f800000| Complete |  0
|  25|0x000000070fa00000, 0x000000070fc00000, 0x000000070fc00000|100%|HC|  |TAMS 0x000000070fa00000| PB 0x000000070fa00000| Complete |  0
|  26|0x000000070fc00000, 0x000000070fe00000, 0x000000070fe00000|100%|HS|  |TAMS 0x000000070fc00000| PB 0x000000070fc00000| Complete |  0
|  27|0x000000070fe00000, 0x0000000710000000, 0x0000000710000000|100%|HC|  |TAMS 0x000000070fe00000| PB 0x000000070fe00000| Complete |  0
|  28|0x0000000710000000, 0x0000000710200000, 0x0000000710200000|100%|HS|  |TAMS 0x0000000710000000| PB 0x0000000710000000| Complete |  0
|  29|0x0000000710200000, 0x0000000710400000, 0x0000000710400000|100%|HC|  |TAMS 0x0000000710200000| PB 0x0000000710200000| Complete |  0
|  30|0x0000000710400000, 0x0000000710600000, 0x0000000710600000|100%|HS|  |TAMS 0x0000000710400000| PB 0x0000000710400000| Complete |  0
|  31|0x0000000710600000, 0x0000000710800000, 0x0000000710800000|100%|HC|  |TAMS 0x0000000710600000| PB 0x0000000710600000| Complete |  0
|  32|0x0000000710800000, 0x0000000710a00000, 0x0000000710a00000|100%|HS|  |TAMS 0x0000000710800000| PB 0x0000000710800000| Complete |  0
|  33|0x0000000710a00000, 0x0000000710c00000, 0x0000000710c00000|100%|HC|  |TAMS 0x0000000710a00000| PB 0x0000000710a00000| Complete |  0
|  34|0x0000000710c00000, 0x0000000710e00000, 0x0000000710e00000|100%|HS|  |TAMS 0x0000000710c00000| PB 0x0000000710c00000| Complete |  0
|  35|0x0000000710e00000, 0x0000000711000000, 0x0000000711000000|100%|HC|  |TAMS 0x0000000710e00000| PB 0x0000000710e00000| Complete |  0
|  36|0x0000000711000000, 0x0000000711200000, 0x0000000711200000|100%|HS|  |TAMS 0x0000000711000000| PB 0x0000000711000000| Complete |  0
|  37|0x0000000711200000, 0x0000000711400000, 0x0000000711400000|100%|HC|  |TAMS 0x0000000711200000| PB 0x0000000711200000| Complete |  0
|  38|0x0000000711400000, 0x0000000711600000, 0x0000000711600000|100%|HS|  |TAMS 0x0000000711400000| PB 0x0000000711400000| Complete |  0
|  39|0x0000000711600000, 0x0000000711800000, 0x0000000711800000|100%|HC|  |TAMS 0x0000000711600000| PB 0x0000000711600000| Complete |  0
|  40|0x0000000711800000, 0x0000000711a00000, 0x0000000711a00000|100%|HS|  |TAMS 0x0000000711800000| PB 0x0000000711800000| Complete |  0
|  41|0x0000000711a00000, 0x0000000711c00000, 0x0000000711c00000|100%|HC|  |TAMS 0x0000000711a00000| PB 0x0000000711a00000| Complete |  0
|  42|0x0000000711c00000, 0x0000000711e00000, 0x0000000711e00000|100%|HS|  |TAMS 0x0000000711c00000| PB 0x0000000711c00000| Complete |  0
|  43|0x0000000711e00000, 0x0000000712000000, 0x0000000712000000|100%|HC|  |TAMS 0x0000000711e00000| PB 0x0000000711e00000| Complete |  0
|  44|0x0000000712000000, 0x0000000712200000, 0x0000000712200000|100%|HS|  |TAMS 0x0000000712000000| PB 0x0000000712000000| Complete |  0
|  45|0x0000000712200000, 0x0000000712400000, 0x0000000712400000|100%|HC|  |TAMS 0x0000000712200000| PB 0x0000000712200000| Complete |  0
|  46|0x0000000712400000, 0x0000000712600000, 0x0000000712600000|100%|HS|  |TAMS 0x0000000712400000| PB 0x0000000712400000| Complete |  0
|  47|0x0000000712600000, 0x0000000712800000, 0x0000000712800000|100%|HC|  |TAMS 0x0000000712600000| PB 0x0000000712600000| Complete |  0
|  48|0x0000000712800000, 0x0000000712a00000, 0x0000000712a00000|100%|HS|  |TAMS 0x0000000712800000| PB 0x0000000712800000| Complete |  0
|  49|0x0000000712a00000, 0x0000000712c00000, 0x0000000712c00000|100%|HC|  |TAMS 0x0000000712a00000| PB 0x0000000712a00000| Complete |  0
|  50|0x0000000712c00000, 0x0000000712e00000, 0x0000000712e00000|100%|HS|  |TAMS 0x0000000712c00000| PB 0x0000000712c00000| Complete |  0
|  51|0x0000000712e00000, 0x0000000713000000, 0x0000000713000000|100%|HC|  |TAMS 0x0000000712e00000| PB 0x0000000712e00000| Complete |  0
|  52|0x0000000713000000, 0x0000000713200000, 0x0000000713200000|100%|HS|  |TAMS 0x0000000713000000| PB 0x0000000713000000| Complete |  0
|  53|0x0000000713200000, 0x0000000713400000, 0x0000000713400000|100%|HC|  |TAMS 0x0000000713200000| PB 0x0000000713200000| Complete |  0
|  54|0x0000000713400000, 0x0000000713600000, 0x0000000713600000|100%|HS|  |TAMS 0x0000000713400000| PB 0x0000000713400000| Complete |  0
|  55|0x0000000713600000, 0x0000000713800000, 0x0000000713800000|100%|HC|  |TAMS 0x0000000713600000| PB 0x0000000713600000| Complete |  0
|  56|0x0000000713800000, 0x0000000713a00000, 0x0000000713a00000|100%|HS|  |TAMS 0x0000000713800000| PB 0x0000000713800000| Complete |  0
|  57|0x0000000713a00000, 0x0000000713c00000, 0x0000000713c00000|100%|HC|  |TAMS 0x0000000713a00000| PB 0x0000000713a00000| Complete |  0
|  58|0x0000000713c00000, 0x0000000713e00000, 0x0000000713e00000|100%|HS|  |TAMS 0x0000000713c00000| PB 0x0000000713c00000| Complete |  0
|  59|0x0000000713e00000, 0x0000000714000000, 0x0000000714000000|100%|HC|  |TAMS 0x0000000713e00000| PB 0x0000000713e00000| Complete |  0
|  60|0x0000000714000000, 0x0000000714000000, 0x0000000714200000|  0%| F|  |TAMS 0x0000000714000000| PB 0x0000000714000000| Untracked |  0
|  61|0x0000000714200000, 0x0000000714200000, 0x0000000714400000|  0%| F|  |TAMS 0x0000000714200000| PB 0x0000000714200000| Untracked |  0
|  62|0x0000000714400000, 0x00000007144e2a70, 0x0000000714600000| 44%| S|CS|TAMS 0x0000000714400000| PB 0x0000000714400000| Complete |  0
|  63|0x0000000714600000, 0x0000000714600000, 0x0000000714800000|  0%| F|  |TAMS 0x0000000714600000| PB 0x0000000714600000| Untracked |  0
|  64|0x0000000714800000, 0x0000000714800000, 0x0000000714a00000|  0%| F|  |TAMS 0x0000000714800000| PB 0x0000000714800000| Untracked |  0
|  65|0x0000000714a00000, 0x0000000714a00000, 0x0000000714c00000|  0%| F|  |TAMS 0x0000000714a00000| PB 0x0000000714a00000| Untracked |  0
|  66|0x0000000714c00000, 0x0000000714c00000, 0x0000000714e00000|  0%| F|  |TAMS 0x0000000714c00000| PB 0x0000000714c00000| Untracked |  0
|  67|0x0000000714e00000, 0x0000000714e00000, 0x0000000715000000|  0%| F|  |TAMS 0x0000000714e00000| PB 0x0000000714e00000| Untracked |  0
|  68|0x0000000715000000, 0x0000000715200000, 0x0000000715200000|100%| E|CS|TAMS 0x0000000715000000| PB 0x0000000715000000| Complete |  0
|  69|0x0000000715200000, 0x0000000715400000, 0x0000000715400000|100%| E|CS|TAMS 0x0000000715200000| PB 0x0000000715200000| Complete |  0
|  70|0x0000000715400000, 0x0000000715600000, 0x0000000715600000|100%| E|CS|TAMS 0x0000000715400000| PB 0x0000000715400000| Complete |  0
|  71|0x0000000715600000, 0x0000000715800000, 0x0000000715800000|100%| E|CS|TAMS 0x0000000715600000| PB 0x0000000715600000| Complete |  0
|  72|0x0000000715800000, 0x0000000715a00000, 0x0000000715a00000|100%| E|CS|TAMS 0x0000000715800000| PB 0x0000000715800000| Complete |  0
|  73|0x0000000715a00000, 0x0000000715c00000, 0x0000000715c00000|100%| E|CS|TAMS 0x0000000715a00000| PB 0x0000000715a00000| Complete |  0
|  74|0x0000000715c00000, 0x0000000715e00000, 0x0000000715e00000|100%| E|CS|TAMS 0x0000000715c00000| PB 0x0000000715c00000| Complete |  0
|  75|0x0000000715e00000, 0x0000000716000000, 0x0000000716000000|100%| E|CS|TAMS 0x0000000715e00000| PB 0x0000000715e00000| Complete |  0
|  76|0x0000000716000000, 0x0000000716200000, 0x0000000716200000|100%| E|CS|TAMS 0x0000000716000000| PB 0x0000000716000000| Complete |  0
|  77|0x0000000716200000, 0x0000000716400000, 0x0000000716400000|100%| E|CS|TAMS 0x0000000716200000| PB 0x0000000716200000| Complete |  0
|  78|0x0000000716400000, 0x0000000716600000, 0x0000000716600000|100%| E|CS|TAMS 0x0000000716400000| PB 0x0000000716400000| Complete |  0
|  79|0x0000000716600000, 0x0000000716800000, 0x0000000716800000|100%| E|CS|TAMS 0x0000000716600000| PB 0x0000000716600000| Complete |  0
|  80|0x0000000716800000, 0x0000000716a00000, 0x0000000716a00000|100%| E|CS|TAMS 0x0000000716800000| PB 0x0000000716800000| Complete |  0
|  81|0x0000000716a00000, 0x0000000716c00000, 0x0000000716c00000|100%| E|CS|TAMS 0x0000000716a00000| PB 0x0000000716a00000| Complete |  0
|  82|0x0000000716c00000, 0x0000000716e00000, 0x0000000716e00000|100%| E|CS|TAMS 0x0000000716c00000| PB 0x0000000716c00000| Complete |  0
|  83|0x0000000716e00000, 0x0000000717000000, 0x0000000717000000|100%| E|CS|TAMS 0x0000000716e00000| PB 0x0000000716e00000| Complete |  0
|  84|0x0000000717000000, 0x0000000717200000, 0x0000000717200000|100%| E|CS|TAMS 0x0000000717000000| PB 0x0000000717000000| Complete |  0
|  85|0x0000000717200000, 0x0000000717400000, 0x0000000717400000|100%| E|CS|TAMS 0x0000000717200000| PB 0x0000000717200000| Complete |  0
|  86|0x0000000717400000, 0x0000000717600000, 0x0000000717600000|100%| E|CS|TAMS 0x0000000717400000| PB 0x0000000717400000| Complete |  0
|  87|0x0000000717600000, 0x0000000717800000, 0x0000000717800000|100%| E|CS|TAMS 0x0000000717600000| PB 0x0000000717600000| Complete |  0
|  88|0x0000000717800000, 0x0000000717a00000, 0x0000000717a00000|100%| E|CS|TAMS 0x0000000717800000| PB 0x0000000717800000| Complete |  0
|  89|0x0000000717a00000, 0x0000000717c00000, 0x0000000717c00000|100%| E|CS|TAMS 0x0000000717a00000| PB 0x0000000717a00000| Complete |  0
|  90|0x0000000717c00000, 0x0000000717e00000, 0x0000000717e00000|100%| E|CS|TAMS 0x0000000717c00000| PB 0x0000000717c00000| Complete |  0
|  91|0x0000000717e00000, 0x0000000718000000, 0x0000000718000000|100%| E|CS|TAMS 0x0000000717e00000| PB 0x0000000717e00000| Complete |  0
|  92|0x0000000718000000, 0x0000000718200000, 0x0000000718200000|100%| E|CS|TAMS 0x0000000718000000| PB 0x0000000718000000| Complete |  0
|  93|0x0000000718200000, 0x0000000718400000, 0x0000000718400000|100%| E|CS|TAMS 0x0000000718200000| PB 0x0000000718200000| Complete |  0
|  94|0x0000000718400000, 0x0000000718600000, 0x0000000718600000|100%| E|CS|TAMS 0x0000000718400000| PB 0x0000000718400000| Complete |  0
|  95|0x0000000718600000, 0x0000000718800000, 0x0000000718800000|100%| E|CS|TAMS 0x0000000718600000| PB 0x0000000718600000| Complete |  0
|  96|0x0000000718800000, 0x0000000718a00000, 0x0000000718a00000|100%| E|CS|TAMS 0x0000000718800000| PB 0x0000000718800000| Complete |  0
|  97|0x0000000718a00000, 0x0000000718c00000, 0x0000000718c00000|100%| E|CS|TAMS 0x0000000718a00000| PB 0x0000000718a00000| Complete |  0
|  98|0x0000000718c00000, 0x0000000718e00000, 0x0000000718e00000|100%| E|CS|TAMS 0x0000000718c00000| PB 0x0000000718c00000| Complete |  0
|  99|0x0000000718e00000, 0x0000000719000000, 0x0000000719000000|100%| E|CS|TAMS 0x0000000718e00000| PB 0x0000000718e00000| Complete |  0
| 100|0x0000000719000000, 0x0000000719200000, 0x0000000719200000|100%| E|CS|TAMS 0x0000000719000000| PB 0x0000000719000000| Complete |  0
| 101|0x0000000719200000, 0x0000000719400000, 0x0000000719400000|100%| E|CS|TAMS 0x0000000719200000| PB 0x0000000719200000| Complete |  0
| 102|0x0000000719400000, 0x0000000719600000, 0x0000000719600000|100%| E|CS|TAMS 0x0000000719400000| PB 0x0000000719400000| Complete |  0
| 103|0x0000000719600000, 0x0000000719800000, 0x0000000719800000|100%| E|CS|TAMS 0x0000000719600000| PB 0x0000000719600000| Complete |  0
| 104|0x0000000719800000, 0x0000000719a00000, 0x0000000719a00000|100%| E|CS|TAMS 0x0000000719800000| PB 0x0000000719800000| Complete |  0
| 105|0x0000000719a00000, 0x0000000719c00000, 0x0000000719c00000|100%| E|CS|TAMS 0x0000000719a00000| PB 0x0000000719a00000| Complete |  0
| 106|0x0000000719c00000, 0x0000000719e00000, 0x0000000719e00000|100%| E|CS|TAMS 0x0000000719c00000| PB 0x0000000719c00000| Complete |  0
| 107|0x0000000719e00000, 0x000000071a000000, 0x000000071a000000|100%| E|CS|TAMS 0x0000000719e00000| PB 0x0000000719e00000| Complete |  0
| 108|0x000000071a000000, 0x000000071a200000, 0x000000071a200000|100%| E|CS|TAMS 0x000000071a000000| PB 0x000000071a000000| Complete |  0
| 109|0x000000071a200000, 0x000000071a400000, 0x000000071a400000|100%| E|CS|TAMS 0x000000071a200000| PB 0x000000071a200000| Complete |  0
| 110|0x000000071a400000, 0x000000071a600000, 0x000000071a600000|100%| E|CS|TAMS 0x000000071a400000| PB 0x000000071a400000| Complete |  0
| 111|0x000000071a600000, 0x000000071a800000, 0x000000071a800000|100%| E|CS|TAMS 0x000000071a600000| PB 0x000000071a600000| Complete |  0
| 112|0x000000071a800000, 0x000000071aa00000, 0x000000071aa00000|100%| E|CS|TAMS 0x000000071a800000| PB 0x000000071a800000| Complete |  0
| 113|0x000000071aa00000, 0x000000071ac00000, 0x000000071ac00000|100%| E|CS|TAMS 0x000000071aa00000| PB 0x000000071aa00000| Complete |  0
| 114|0x000000071ac00000, 0x000000071ae00000, 0x000000071ae00000|100%| E|CS|TAMS 0x000000071ac00000| PB 0x000000071ac00000| Complete |  0
| 115|0x000000071ae00000, 0x000000071b000000, 0x000000071b000000|100%| E|CS|TAMS 0x000000071ae00000| PB 0x000000071ae00000| Complete |  0
| 116|0x000000071b000000, 0x000000071b200000, 0x000000071b200000|100%| E|CS|TAMS 0x000000071b000000| PB 0x000000071b000000| Complete |  0
| 117|0x000000071b200000, 0x000000071b400000, 0x000000071b400000|100%| E|CS|TAMS 0x000000071b200000| PB 0x000000071b200000| Complete |  0
| 118|0x000000071b400000, 0x000000071b600000, 0x000000071b600000|100%| E|CS|TAMS 0x000000071b400000| PB 0x000000071b400000| Complete |  0
| 119|0x000000071b600000, 0x000000071b800000, 0x000000071b800000|100%| E|CS|TAMS 0x000000071b600000| PB 0x000000071b600000| Complete |  0
| 120|0x000000071b800000, 0x000000071ba00000, 0x000000071ba00000|100%| E|CS|TAMS 0x000000071b800000| PB 0x000000071b800000| Complete |  0
| 121|0x000000071ba00000, 0x000000071bc00000, 0x000000071bc00000|100%| E|CS|TAMS 0x000000071ba00000| PB 0x000000071ba00000| Complete |  0
| 122|0x000000071bc00000, 0x000000071be00000, 0x000000071be00000|100%| E|CS|TAMS 0x000000071bc00000| PB 0x000000071bc00000| Complete |  0
|1947|0x00000007ffe00000, 0x00000007fff1d1c0, 0x0000000800000000| 55%| O|Cm|TAMS 0x00000007ffe00000| PB 0x00000007ffe00000| Complete |  0

Card table byte_map: [0x00000271e29d0000,0x00000271e3170000] _byte_map_base: 0x00000271df16c000

Marking Bits: (CMBitMap*) 0x00000271ca9f72d0
 Bits: [0x00000271e3170000, 0x00000271e6e50000)

Polling page: 0x00000271c8830000

Metaspace:

Usage:
  Non-class:     14.74 MB used.
      Class:      2.09 MB used.
       Both:     16.83 MB used.

Virtual space:
  Non-class space:       64.00 MB reserved,      14.88 MB ( 23%) committed,  1 nodes.
      Class space:        1.00 GB reserved,       2.19 MB ( <1%) committed,  1 nodes.
             Both:        1.06 GB reserved,      17.06 MB (  2%) committed. 

Chunk freelists:
   Non-Class:  304.00 KB
       Class:  13.80 MB
        Both:  14.09 MB

MaxMetaspaceSize: unlimited
CompressedClassSpaceSize: 1.00 GB
Initial GC threshold: 21.00 MB
Current GC threshold: 28.44 MB
CDS: on
 - commit_granule_bytes: 65536.
 - commit_granule_words: 8192.
 - virtual_space_node_default_size: 8388608.
 - enlarge_chunks_in_place: 1.
UseCompressedClassPointers 1, UseCompactObjectHeaders 0
Narrow klass pointer bits 32, Max shift 3
Narrow klass base: 0x0000027180000000, Narrow klass shift: 0
Encoding Range: [0x0000027180000000 - 0x0000027280000000), (4294967296 bytes)
Klass Range:    [0x0000027180000000 - 0x00000271c1000000), (1090519040 bytes)
Klass ID Range:  [8 - 1090519033) (1090519025)


Internal statistics:

num_allocs_failed_limit: 0.
num_arena_births: 186.
num_arena_deaths: 0.
num_vsnodes_births: 2.
num_vsnodes_deaths: 0.
num_space_committed: 273.
num_space_uncommitted: 0.
num_chunks_returned_to_freelist: 0.
num_chunks_taken_from_freelist: 739.
num_chunk_merges: 0.
num_chunk_splits: 523.
num_chunks_enlarged: 432.
num_inconsistent_stats: 0.

CodeHeap 'non-profiled nmethods': size=120064Kb used=2865Kb max_used=2865Kb free=117198Kb
 bounds [0x00000271dacf0000, 0x00000271dafc0000, 0x00000271e2230000]
CodeHeap 'profiled nmethods': size=120000Kb used=9180Kb max_used=9180Kb free=110819Kb
 bounds [0x00000271d3230000, 0x00000271d3b30000, 0x00000271da760000]
CodeHeap 'non-nmethods': size=5696Kb used=1683Kb max_used=1786Kb free=4012Kb
 bounds [0x00000271da760000, 0x00000271da9d0000, 0x00000271dacf0000]
CodeCache: size=245760Kb, used=13728Kb, max_used=13831Kb, free=232029Kb
 total_blobs=6235, nmethods=5384, adapters=756, full_count=0
Compilation: enabled, stopped_count=0, restarted_count=0

Compilation events (20 events):
Event: 102.082 Thread 0x00000271e9489820 5379       1       javafx.stage.Window::getPeer (5 bytes)
Event: 102.082 Thread 0x00000271e9489820 nmethod 5379 0x00000271dafb8708 code [0x00000271dafb8800, 0x00000271dafb88c8]
Event: 102.101 Thread 0x00000271e9489820 5380       3       com.sun.javafx.css.StyleManager$Cache$Key::equals (75 bytes)
Event: 102.101 Thread 0x00000271e9489820 nmethod 5380 0x00000271d3b23a88 code [0x00000271d3b23c00, 0x00000271d3b24238]
Event: 102.102 Thread 0x00000271e9489820 5381       3       jdk.internal.util.ArraysSupport::mismatch (46 bytes)
Event: 102.102 Thread 0x00000271e9489820 nmethod 5381 0x00000271d3b24288 code [0x00000271d3b243c0, 0x00000271d3b24650]
Event: 102.104 Thread 0x00000271e9489820 5382       1       com.sun.media.jfxmediaimpl.NativeMediaAudioClipPlayer$SchedulerEntry::getPlayer (5 bytes)
Event: 102.105 Thread 0x00000271e9489820 nmethod 5382 0x00000271dafb8a08 code [0x00000271dafb8b00, 0x00000271dafb8bc8]
Event: 102.105 Thread 0x00000271e9489820 5383       3       com.sun.javafx.css.StyleCacheEntry$Key::equals (151 bytes)
Event: 102.106 Thread 0x00000271e9489820 nmethod 5383 0x00000271d3b24688 code [0x00000271d3b24840, 0x00000271d3b250b0]
Event: 102.109 Thread 0x00000271e9489820 5384       3       com.sun.javafx.css.StyleCacheEntry$Key::hashCode (13 bytes)
Event: 102.110 Thread 0x00000271e9489820 nmethod 5384 0x00000271d3b25108 code [0x00000271d3b25220, 0x00000271d3b254a0]
Event: 102.118 Thread 0x00000271e9489820 5385       3       javafx.util.Duration::seconds (46 bytes)
Event: 102.119 Thread 0x00000271e9489820 nmethod 5385 0x00000271d3b25508 code [0x00000271d3b25680, 0x00000271d3b25ab8]
Event: 102.127 Thread 0x00000271e9489820 5386       3       com.sun.scenario.animation.AbstractPrimaryTimer::removePulseReceiver (135 bytes)
Event: 102.128 Thread 0x00000271e9489820 nmethod 5386 0x00000271d3b25b08 code [0x00000271d3b25ca0, 0x00000271d3b265f0]
Event: 102.137 Thread 0x00000271e9489820 5387       3       com.sun.javafx.geom.RoundRectIterator::currentSegment (144 bytes)
Event: 102.137 Thread 0x00000271e9489820 nmethod 5387 0x00000271d3b26688 code [0x00000271d3b26800, 0x00000271d3b26e60]
Event: 102.137 Thread 0x00000271e9489820 5388       3       com.sun.javafx.geom.RoundRectIterator::next (62 bytes)
Event: 102.138 Thread 0x00000271e9489820 nmethod 5388 0x00000271d3b26e88 code [0x00000271d3b26fa0, 0x00000271d3b271e8]

GC Heap History (20 events):
Event: 88.092 GC heap before
{Heap before GC invocations=29 (full 0):
 garbage-first heap   total reserved 3989504K, committed 251904K, used 185857K [0x000000070c800000, 0x0000000800000000)
  region size 2048K, 73 young (149504K), 1 survivors (2048K)
 Metaspace       used 17004K, committed 17280K, reserved 1114112K
  class space    used 2123K, committed 2240K, reserved 1048576K
}
Event: 88.094 GC heap after
{Heap after GC invocations=30 (full 0):
 garbage-first heap   total reserved 3989504K, committed 251904K, used 38382K [0x000000070c800000, 0x0000000800000000)
  region size 2048K, 1 young (2048K), 1 survivors (2048K)
 Metaspace       used 17004K, committed 17280K, reserved 1114112K
  class space    used 2123K, committed 2240K, reserved 1048576K
}
Event: 89.938 GC heap before
{Heap before GC invocations=30 (full 0):
 garbage-first heap   total reserved 3989504K, committed 251904K, used 187886K [0x000000070c800000, 0x0000000800000000)
  region size 2048K, 73 young (149504K), 1 survivors (2048K)
 Metaspace       used 17015K, committed 17280K, reserved 1114112K
  class space    used 2123K, committed 2240K, reserved 1048576K
}
Event: 89.941 GC heap after
{Heap after GC invocations=31 (full 0):
 garbage-first heap   total reserved 3989504K, committed 251904K, used 40465K [0x000000070c800000, 0x0000000800000000)
  region size 2048K, 1 young (2048K), 1 survivors (2048K)
 Metaspace       used 17015K, committed 17280K, reserved 1114112K
  class space    used 2123K, committed 2240K, reserved 1048576K
}
Event: 93.331 GC heap before
{Heap before GC invocations=31 (full 0):
 garbage-first heap   total reserved 3989504K, committed 251904K, used 187921K [0x000000070c800000, 0x0000000800000000)
  region size 2048K, 73 young (149504K), 1 survivors (2048K)
 Metaspace       used 17024K, committed 17280K, reserved 1114112K
  class space    used 2123K, committed 2240K, reserved 1048576K
}
Event: 93.333 GC heap after
{Heap after GC invocations=32 (full 0):
 garbage-first heap   total reserved 3989504K, committed 251904K, used 40460K [0x000000070c800000, 0x0000000800000000)
  region size 2048K, 1 young (2048K), 1 survivors (2048K)
 Metaspace       used 17024K, committed 17280K, reserved 1114112K
  class space    used 2123K, committed 2240K, reserved 1048576K
}
Event: 97.099 GC heap before
{Heap before GC invocations=32 (full 0):
 garbage-first heap   total reserved 3989504K, committed 251904K, used 196108K [0x000000070c800000, 0x0000000800000000)
  region size 2048K, 73 young (149504K), 1 survivors (2048K)
 Metaspace       used 17064K, committed 17280K, reserved 1114112K
  class space    used 2129K, committed 2240K, reserved 1048576K
}
Event: 97.101 GC heap after
{Heap after GC invocations=33 (full 0):
 garbage-first heap   total reserved 3989504K, committed 251904K, used 46646K [0x000000070c800000, 0x0000000800000000)
  region size 2048K, 1 young (2048K), 1 survivors (2048K)
 Metaspace       used 17064K, committed 17280K, reserved 1114112K
  class space    used 2129K, committed 2240K, reserved 1048576K
}
Event: 99.623 GC heap before
{Heap before GC invocations=33 (full 0):
 garbage-first heap   total reserved 3989504K, committed 251904K, used 198198K [0x000000070c800000, 0x0000000800000000)
  region size 2048K, 73 young (149504K), 1 survivors (2048K)
 Metaspace       used 17151K, committed 17408K, reserved 1114112K
  class space    used 2129K, committed 2240K, reserved 1048576K
}
Event: 99.625 GC heap after
{Heap after GC invocations=34 (full 0):
 garbage-first heap   total reserved 3989504K, committed 251904K, used 53050K [0x000000070c800000, 0x0000000800000000)
  region size 2048K, 1 young (2048K), 1 survivors (2048K)
 Metaspace       used 17151K, committed 17408K, reserved 1114112K
  class space    used 2129K, committed 2240K, reserved 1048576K
}
Event: 99.745 GC heap before
{Heap before GC invocations=34 (full 0):
 garbage-first heap   total reserved 3989504K, committed 251904K, used 200506K [0x000000070c800000, 0x0000000800000000)
  region size 2048K, 73 young (149504K), 1 survivors (2048K)
 Metaspace       used 17173K, committed 17408K, reserved 1114112K
  class space    used 2135K, committed 2240K, reserved 1048576K
}
Event: 99.747 GC heap after
{Heap after GC invocations=35 (full 0):
 garbage-first heap   total reserved 3989504K, committed 251904K, used 50803K [0x000000070c800000, 0x0000000800000000)
  region size 2048K, 1 young (2048K), 1 survivors (2048K)
 Metaspace       used 17173K, committed 17408K, reserved 1114112K
  class space    used 2135K, committed 2240K, reserved 1048576K
}
Event: 101.642 GC heap before
{Heap before GC invocations=35 (full 0):
 garbage-first heap   total reserved 3989504K, committed 251904K, used 216691K [0x000000070c800000, 0x0000000800000000)
  region size 2048K, 73 young (149504K), 1 survivors (2048K)
 Metaspace       used 17208K, committed 17408K, reserved 1114112K
  class space    used 2135K, committed 2240K, reserved 1048576K
}
Event: 101.644 GC heap after
{Heap after GC invocations=36 (full 0):
 garbage-first heap   total reserved 3989504K, committed 251904K, used 71506K [0x000000070c800000, 0x0000000800000000)
  region size 2048K, 1 young (2048K), 1 survivors (2048K)
 Metaspace       used 17208K, committed 17408K, reserved 1114112K
  class space    used 2135K, committed 2240K, reserved 1048576K
}
Event: 101.860 GC heap before
{Heap before GC invocations=36 (full 0):
 garbage-first heap   total reserved 3989504K, committed 251904K, used 245586K [0x000000070c800000, 0x0000000800000000)
  region size 2048K, 71 young (145408K), 1 survivors (2048K)
 Metaspace       used 17214K, committed 17472K, reserved 1114112K
  class space    used 2135K, committed 2240K, reserved 1048576K
}
Event: 101.861 GC heap after
{Heap after GC invocations=37 (full 0):
 garbage-first heap   total reserved 3989504K, committed 253952K, used 104615K [0x000000070c800000, 0x0000000800000000)
  region size 2048K, 1 young (2048K), 1 survivors (2048K)
 Metaspace       used 17214K, committed 17472K, reserved 1114112K
  class space    used 2135K, committed 2240K, reserved 1048576K
}
Event: 101.929 GC heap before
{Heap before GC invocations=37 (full 0):
 garbage-first heap   total reserved 3989504K, committed 253952K, used 145575K [0x000000070c800000, 0x0000000800000000)
  region size 2048K, 18 young (36864K), 1 survivors (2048K)
 Metaspace       used 17220K, committed 17472K, reserved 1114112K
  class space    used 2135K, committed 2240K, reserved 1048576K
}
Event: 101.931 GC heap after
{Heap after GC invocations=38 (full 0):
 garbage-first heap   total reserved 3989504K, committed 253952K, used 112801K [0x000000070c800000, 0x0000000800000000)
  region size 2048K, 1 young (2048K), 1 survivors (2048K)
 Metaspace       used 17220K, committed 17472K, reserved 1114112K
  class space    used 2135K, committed 2240K, reserved 1048576K
}
Event: 102.123 GC heap before
{Heap before GC invocations=39 (full 0):
 garbage-first heap   total reserved 3989504K, committed 253952K, used 241825K [0x000000070c800000, 0x0000000800000000)
  region size 2048K, 60 young (122880K), 1 survivors (2048K)
 Metaspace       used 17231K, committed 17472K, reserved 1114112K
  class space    used 2135K, committed 2240K, reserved 1048576K
}
Event: 102.125 GC heap after
{Heap after GC invocations=40 (full 0):
 garbage-first heap   total reserved 3989504K, committed 253952K, used 121117K [0x000000070c800000, 0x0000000800000000)
  region size 2048K, 1 young (2048K), 1 survivors (2048K)
 Metaspace       used 17231K, committed 17472K, reserved 1114112K
  class space    used 2135K, committed 2240K, reserved 1048576K
}

Dll operation events (20 events):
Event: 0.780 Loaded shared library C:\Javac\javafx-sdk-24.0.1\bin\api-ms-win-crt-process-l1-1-0.dll
Event: 0.782 Loaded shared library C:\Javac\javafx-sdk-24.0.1\bin\api-ms-win-crt-runtime-l1-1-0.dll
Event: 0.785 Loaded shared library C:\Javac\javafx-sdk-24.0.1\bin\api-ms-win-crt-stdio-l1-1-0.dll
Event: 0.787 Loaded shared library C:\Javac\javafx-sdk-24.0.1\bin\api-ms-win-crt-string-l1-1-0.dll
Event: 0.790 Loaded shared library C:\Javac\javafx-sdk-24.0.1\bin\api-ms-win-crt-time-l1-1-0.dll
Event: 0.792 Loaded shared library C:\Javac\javafx-sdk-24.0.1\bin\api-ms-win-crt-utility-l1-1-0.dll
Event: 0.795 Loaded shared library C:\Javac\javafx-sdk-24.0.1\bin\ucrtbase.dll
Event: 0.797 Loaded shared library C:\Javac\javafx-sdk-24.0.1\bin\vcruntime140.dll
Event: 0.800 Loaded shared library C:\Javac\javafx-sdk-24.0.1\bin\vcruntime140_1.dll
Event: 0.802 Loaded shared library C:\Javac\javafx-sdk-24.0.1\bin\msvcp140.dll
Event: 0.804 Loaded shared library C:\Javac\javafx-sdk-24.0.1\bin\msvcp140_1.dll
Event: 0.807 Loaded shared library C:\Javac\javafx-sdk-24.0.1\bin\msvcp140_2.dll
Event: 0.883 Loaded shared library C:\Javac\javafx-sdk-24.0.1\bin\prism_d3d.dll
Event: 0.942 Loaded shared library C:\Javac\javafx-sdk-24.0.1\bin\glass.dll
Event: 1.149 Loaded shared library C:\Program Files\Java\jdk-24\bin\jimage.dll
Event: 1.367 Loaded shared library C:\Javac\javafx-sdk-24.0.1\bin\javafx_iio.dll
Event: 1.648 Loaded shared library C:\Javac\javafx-sdk-24.0.1\bin\javafx_font.dll
Event: 9.510 Loaded shared library C:\Javac\javafx-sdk-24.0.1\bin\glib-lite.dll
Event: 9.515 Loaded shared library C:\Javac\javafx-sdk-24.0.1\bin\gstreamer-lite.dll
Event: 9.518 Loaded shared library C:\Javac\javafx-sdk-24.0.1\bin\jfxmedia.dll

Deoptimization events (20 events):
Event: 99.716 Thread 0x00000271c5d7b5e0 Uncommon trap: trap_request=0xffffff4d fr.pc=0x00000271daebc3d4 relative=0x0000000000000734
Event: 99.716 Thread 0x00000271c5d7b5e0 Uncommon trap: reason=unstable_if action=reinterpret pc=0x00000271daebc3d4 method=javafx.scene.Parent.pickChildrenNode(Lcom/sun/javafx/geom/PickRay;Lcom/sun/javafx/scene/input/PickResultChooser;)Z @ 40 c2
Event: 99.717 Thread 0x00000271c5d7b5e0 DEOPT PACKING pc=0x00000271daebc3d4 sp=0x000000cfd72fdf90
Event: 99.717 Thread 0x00000271c5d7b5e0 DEOPT UNPACKING pc=0x00000271da7dd882 sp=0x000000cfd72fdf78 mode 2
Event: 101.459 Thread 0x00000271c5d7b5e0 Uncommon trap: trap_request=0xffffffde fr.pc=0x00000271dae99958 relative=0x0000000000001478
Event: 101.459 Thread 0x00000271c5d7b5e0 Uncommon trap: reason=class_check action=maybe_recompile pc=0x00000271dae99958 method=com.sun.javafx.geom.Curve.findIntersect(Lcom/sun/javafx/geom/Curve;[DDIIDDDDDDDDDDDD)Z @ 594 c2
Event: 101.459 Thread 0x00000271c5d7b5e0 DEOPT PACKING pc=0x00000271dae99958 sp=0x000000cfd72fdc40
Event: 101.459 Thread 0x00000271c5d7b5e0 DEOPT UNPACKING pc=0x00000271da7dd882 sp=0x000000cfd72fdad8 mode 2
Event: 101.459 Thread 0x00000271c5d7b5e0 Uncommon trap: trap_request=0xffffffde fr.pc=0x00000271dae99958 relative=0x0000000000001478
Event: 101.459 Thread 0x00000271c5d7b5e0 Uncommon trap: reason=class_check action=maybe_recompile pc=0x00000271dae99958 method=com.sun.javafx.geom.Curve.findIntersect(Lcom/sun/javafx/geom/Curve;[DDIIDDDDDDDDDDDD)Z @ 594 c2
Event: 101.459 Thread 0x00000271c5d7b5e0 DEOPT PACKING pc=0x00000271dae99958 sp=0x000000cfd72fdd20
Event: 101.459 Thread 0x00000271c5d7b5e0 DEOPT UNPACKING pc=0x00000271da7dd882 sp=0x000000cfd72fdbb8 mode 2
Event: 101.998 Thread 0x00000271c5d7b5e0 DEOPT PACKING pc=0x00000271d3619af9 sp=0x000000cfd72e2820
Event: 101.998 Thread 0x00000271c5d7b5e0 DEOPT UNPACKING pc=0x00000271da7b5722 sp=0x000000cfd72e1c70 mode 0
Event: 102.021 Thread 0x00000271c6350f00 DEOPT PACKING pc=0x00000271d3a9dbbf sp=0x000000cfd70fdcf0
Event: 102.021 Thread 0x00000271c6350f00 DEOPT UNPACKING pc=0x00000271da7b5722 sp=0x000000cfd70fd1e0 mode 0
Event: 102.033 Thread 0x00000271c6350f00 DEOPT PACKING pc=0x00000271d374fc39 sp=0x000000cfd70fde90
Event: 102.033 Thread 0x00000271c6350f00 DEOPT UNPACKING pc=0x00000271da7b5722 sp=0x000000cfd70fd340 mode 0
Event: 102.045 Thread 0x00000271c6350f00 DEOPT PACKING pc=0x00000271d3a9dbbf sp=0x000000cfd70fdcf0
Event: 102.045 Thread 0x00000271c6350f00 DEOPT UNPACKING pc=0x00000271da7b5722 sp=0x000000cfd70fd1e0 mode 0

Classes loaded (20 events):
Event: 19.926 Loading class java/util/LinkedList$ListItr
Event: 19.926 Loading class java/util/LinkedList$ListItr done
Event: 19.945 Loading class java/lang/FdLibm$Acos
Event: 19.946 Loading class java/lang/FdLibm$Acos done
Event: 19.955 Loading class java/lang/FdLibm$Atan2
Event: 19.955 Loading class java/lang/FdLibm$Atan2 done
Event: 25.617 Loading class java/io/UnsupportedEncodingException
Event: 25.618 Loading class java/io/UnsupportedEncodingException done
Event: 27.028 Loading class java/lang/Throwable$WrappedPrintStream
Event: 27.029 Loading class java/lang/Throwable$PrintStreamOrWriter
Event: 27.029 Loading class java/lang/Throwable$PrintStreamOrWriter done
Event: 27.029 Loading class java/lang/Throwable$WrappedPrintStream done
Event: 38.392 Loading class java/util/Vector$1
Event: 38.392 Loading class java/util/Vector$1 done
Event: 44.132 Loading class java/lang/foreign/MemorySegment
Event: 44.132 Loading class java/lang/foreign/MemorySegment done
Event: 96.962 Loading class java/lang/Math$RandomNumberGeneratorHolder
Event: 96.962 Loading class java/lang/Math$RandomNumberGeneratorHolder done
Event: 96.963 Loading class java/lang/FdLibm$Atan
Event: 96.963 Loading class java/lang/FdLibm$Atan done

Classes unloaded (0 events):
No events

Classes redefined (0 events):
No events

Internal exceptions (20 events):
Event: 9.432 Thread 0x00000271c5d7b5e0 Exception <a 'java/lang/NoSuchMethodError'{0x0000000718430f00}: 'int java.lang.invoke.DirectMethodHandle$Holder.invokeSpecial(java.lang.Object, java.lang.Object, java.lang.Object)'> (0x0000000718430f00) 
thrown [s\open\src\hotspot\share\interpreter\linkResolver.cpp, line 805]
Event: 9.526 Thread 0x00000271c5d7b5e0 Exception <a 'java/lang/NoSuchMethodError'{0x00000007182035b0}: 'long java.lang.invoke.DirectMethodHandle$Holder.invokeVirtual(java.lang.Object, java.lang.Object)'> (0x00000007182035b0) 
thrown [s\open\src\hotspot\share\interpreter\linkResolver.cpp, line 805]
Event: 9.527 Thread 0x00000271c5d7b5e0 Exception <a 'java/lang/NoSuchMethodError'{0x000000071820ba90}: 'java.lang.Object java.lang.invoke.DirectMethodHandle$Holder.invokeStatic(java.lang.Object, long)'> (0x000000071820ba90) 
thrown [s\open\src\hotspot\share\interpreter\linkResolver.cpp, line 805]
Event: 9.528 Thread 0x00000271c5d7b5e0 Exception <a 'java/lang/NoSuchMethodError'{0x0000000718213f28}: 'long java.lang.invoke.DirectMethodHandle$Holder.invokeSpecial(java.lang.Object, java.lang.Object, java.lang.Object)'> (0x0000000718213f28) 
thrown [s\open\src\hotspot\share\interpreter\linkResolver.cpp, line 805]
Event: 9.529 Thread 0x00000271c5d7b5e0 Exception <a 'java/lang/NoSuchMethodError'{0x000000071821bf80}: 'long java.lang.invoke.DelegatingMethodHandle$Holder.reinvoke_L(java.lang.Object, java.lang.Object)'> (0x000000071821bf80) 
thrown [s\open\src\hotspot\share\interpreter\linkResolver.cpp, line 805]
Event: 9.536 Thread 0x00000271c5d7b5e0 Implicit null exception at 0x00000271dad5d894 to 0x00000271dad5de1c
Event: 9.536 Thread 0x00000271c5d7b5e0 Implicit null exception at 0x00000271dad3d410 to 0x00000271dad3d988
Event: 9.557 Thread 0x00000271c5d7b5e0 Exception <a 'java/lang/NullPointerException'{0x000000071830c370}> (0x000000071830c370) 
thrown [s\open\src\hotspot\share\interpreter\linkResolver.cpp, line 1523]
Event: 9.573 Thread 0x00000271c5d7b5e0 Exception <a 'java/lang/UnsatisfiedLinkError'{0x00000007183dd710}: 'boolean com.sun.media.jfxmediaimpl.NativeAudioClip.nacInit()'> (0x00000007183dd710) 
thrown [s\open\src\hotspot\share\prims\nativeLookup.cpp, line 416]
Event: 9.668 Thread 0x00000271c5d7b5e0 Implicit null exception at 0x00000271dadd892f to 0x00000271daddd044
Event: 9.828 Thread 0x00000271c5d7b5e0 Exception <a 'java/io/FileNotFoundException'{0x0000000715c10620}> (0x0000000715c10620) 
thrown [s\open\src\hotspot\share\prims\jni.cpp, line 518]
Event: 10.144 Thread 0x00000271c5d7b5e0 Exception <a 'java/lang/NoSuchMethodError'{0x000000071597af40}: 'void java.lang.invoke.DirectMethodHandle$Holder.invokeSpecial(java.lang.Object, java.lang.Object, java.lang.Object, java.lang.Object, java.lang.Object, java.lang.Object)'> (0x000000071597af40) 
thrown [s\open\src\hotspot\share\interpreter\linkResolver.cpp, line 805]
Event: 10.156 Thread 0x00000271c5d7b5e0 Exception <a 'java/lang/NoSuchMethodError'{0x000000071599c608}: 'void java.lang.invoke.DirectMethodHandle$Holder.invokeSpecial(java.lang.Object, java.lang.Object, double)'> (0x000000071599c608) 
thrown [s\open\src\hotspot\share\interpreter\linkResolver.cpp, line 805]
Event: 10.157 Thread 0x00000271c5d7b5e0 Exception <a 'java/lang/NoSuchMethodError'{0x00000007159ab748}: 'java.lang.Object java.lang.invoke.DirectMethodHandle$Holder.newInvokeSpecial(java.lang.Object, java.lang.Object, double)'> (0x00000007159ab748) 
thrown [s\open\src\hotspot\share\interpreter\linkResolver.cpp, line 805]
Event: 25.822 Thread 0x00000271c5d7b5e0 Exception <a 'java/lang/NoSuchMethodError'{0x00000007147aa6b0}: 'void java.lang.invoke.DirectMethodHandle$Holder.invokeVirtual(java.lang.Object, java.lang.Object)'> (0x00000007147aa6b0) 
thrown [s\open\src\hotspot\share\interpreter\linkResolver.cpp, line 805]
Event: 74.855 Thread 0x00000271c6350f00 Implicit null exception at 0x00000271daeeac1e to 0x00000271daeebf38
Event: 75.042 Thread 0x00000271c5d7b5e0 Implicit null exception at 0x00000271daeb029d to 0x00000271daeb0d58
Event: 75.053 Thread 0x00000271c5d7b5e0 Implicit null exception at 0x00000271daef3220 to 0x00000271daef47f8
Event: 75.054 Thread 0x00000271c5d7b5e0 Implicit null exception at 0x00000271dae884c8 to 0x00000271dae893c0
Event: 99.747 Thread 0x00000271c5d7b5e0 Exception <a 'java/io/FileNotFoundException'{0x000000071ba5e568}> (0x000000071ba5e568) 
thrown [s\open\src\hotspot\share\prims\jni.cpp, line 518]

VM Operations (20 events):
Event: 97.099 Executing VM operation: G1CollectForAllocation (G1 Evacuation Pause)
Event: 97.101 Executing VM operation: G1CollectForAllocation (G1 Evacuation Pause) done
Event: 99.623 Executing VM operation: G1CollectForAllocation (G1 Evacuation Pause)
Event: 99.625 Executing VM operation: G1CollectForAllocation (G1 Evacuation Pause) done
Event: 99.705 Executing VM operation: HandshakeAllThreads (Deoptimize)
Event: 99.705 Executing VM operation: HandshakeAllThreads (Deoptimize) done
Event: 99.745 Executing VM operation: G1CollectForAllocation (G1 Evacuation Pause)
Event: 99.747 Executing VM operation: G1CollectForAllocation (G1 Evacuation Pause) done
Event: 101.642 Executing VM operation: G1CollectForAllocation (G1 Evacuation Pause)
Event: 101.644 Executing VM operation: G1CollectForAllocation (G1 Evacuation Pause) done
Event: 101.860 Executing VM operation: G1CollectForAllocation (G1 Evacuation Pause)
Event: 101.861 Executing VM operation: G1CollectForAllocation (G1 Evacuation Pause) done
Event: 101.929 Executing VM operation: G1TryInitiateConcMark (G1 Humongous Allocation)
Event: 101.931 Executing VM operation: G1TryInitiateConcMark (G1 Humongous Allocation) done
Event: 101.963 Executing VM operation: G1PauseRemark
Event: 101.966 Executing VM operation: G1PauseRemark done
Event: 101.977 Executing VM operation: G1PauseCleanup
Event: 101.977 Executing VM operation: G1PauseCleanup done
Event: 102.120 Executing VM operation: G1CollectForAllocation (G1 Evacuation Pause)
Event: 102.125 Executing VM operation: G1CollectForAllocation (G1 Evacuation Pause) done

Memory protections (0 events):
No events

Nmethod flushes (0 events):
No events

Events (20 events):
Event: 102.142 Thread 0x00000271c50ae250 Thread added: 0x00000271c50ae250
Event: 102.142 Thread 0x00000271c50ae250 Thread exited: 0x00000271c50ae250
Event: 102.142 Thread 0x00000271c50ad3b0 Thread added: 0x00000271c50ad3b0
Event: 102.142 Thread 0x00000271c50ad3b0 Thread exited: 0x00000271c50ad3b0
Event: 102.142 Thread 0x00000271c50aa080 Thread added: 0x00000271c50aa080
Event: 102.142 Thread 0x00000271c50aa080 Thread exited: 0x00000271c50aa080
Event: 102.142 Thread 0x00000271c50ad3b0 Thread added: 0x00000271c50ad3b0
Event: 102.142 Thread 0x00000271c50ad3b0 Thread exited: 0x00000271c50ad3b0
Event: 102.142 Thread 0x00000271c50ad3b0 Thread added: 0x00000271c50ad3b0
Event: 102.142 Thread 0x00000271c50ad3b0 Thread exited: 0x00000271c50ad3b0
Event: 102.142 Thread 0x00000271c50ae250 Thread added: 0x00000271c50ae250
Event: 102.142 Thread 0x00000271c50ae250 Thread exited: 0x00000271c50ae250
Event: 102.143 Thread 0x00000271c50ad3b0 Thread added: 0x00000271c50ad3b0
Event: 102.143 Thread 0x00000271c50ad3b0 Thread exited: 0x00000271c50ad3b0
Event: 102.143 Thread 0x00000271c50b06e0 Thread added: 0x00000271c50b06e0
Event: 102.143 Thread 0x00000271c50b06e0 Thread exited: 0x00000271c50b06e0
Event: 102.143 Thread 0x00000271c50b06e0 Thread added: 0x00000271c50b06e0
Event: 102.143 Thread 0x00000271c50b06e0 Thread exited: 0x00000271c50b06e0
Event: 102.143 Thread 0x00000271c50ad3b0 Thread added: 0x00000271c50ad3b0
Event: 102.143 Thread 0x00000271c50ad3b0 Thread exited: 0x00000271c50ad3b0


Dynamic libraries:
0x00007ff618ea0000 - 0x00007ff618eb0000 	C:\Program Files\Java\jdk-24\bin\java.exe
0x00007ffae2d10000 - 0x00007ffae2f27000 	C:\Windows\SYSTEM32\ntdll.dll
0x00007ffae1c70000 - 0x00007ffae1d34000 	C:\Windows\System32\KERNEL32.DLL
0x00007ffae0530000 - 0x00007ffae08e7000 	C:\Windows\System32\KERNELBASE.dll
0x00007ffae0020000 - 0x00007ffae0131000 	C:\Windows\System32\ucrtbase.dll
0x00007ffadcaf0000 - 0x00007ffadcb06000 	C:\Program Files\Java\jdk-24\bin\jli.dll
0x00007ffad5330000 - 0x00007ffad534b000 	C:\Program Files\Java\jdk-24\bin\VCRUNTIME140.dll
0x00007ffae2b20000 - 0x00007ffae2ccf000 	C:\Windows\System32\USER32.dll
0x00007ffae08f0000 - 0x00007ffae0916000 	C:\Windows\System32\win32u.dll
0x00007ffae0cd0000 - 0x00007ffae0cf9000 	C:\Windows\System32\GDI32.dll
0x00007ffad0e70000 - 0x00007ffad1103000 	C:\Windows\WinSxS\amd64_microsoft.windows.common-controls_6595b64144ccf1df_6.0.22621.3672_none_2713b9d173822955\COMCTL32.dll
0x00007ffae0920000 - 0x00007ffae0a38000 	C:\Windows\System32\gdi32full.dll
0x00007ffae0140000 - 0x00007ffae01da000 	C:\Windows\System32\msvcp_win.dll
0x00007ffae0e60000 - 0x00007ffae0f07000 	C:\Windows\System32\msvcrt.dll
0x00007ffae0e20000 - 0x00007ffae0e51000 	C:\Windows\System32\IMM32.DLL
0x00007ffad69c0000 - 0x00007ffad69cc000 	C:\Program Files\Java\jdk-24\bin\vcruntime140_1.dll
0x00007ffac8760000 - 0x00007ffac87ee000 	C:\Program Files\Java\jdk-24\bin\msvcp140.dll
0x00007ffa7a9c0000 - 0x00007ffa7b762000 	C:\Program Files\Java\jdk-24\bin\server\jvm.dll
0x00007ffae0f10000 - 0x00007ffae0fc2000 	C:\Windows\System32\ADVAPI32.dll
0x00007ffae0d00000 - 0x00007ffae0da8000 	C:\Windows\System32\sechost.dll
0x00007ffae0310000 - 0x00007ffae0338000 	C:\Windows\System32\bcrypt.dll
0x00007ffae1d40000 - 0x00007ffae1e54000 	C:\Windows\System32\RPCRT4.dll
0x00007ffae0bd0000 - 0x00007ffae0c41000 	C:\Windows\System32\WS2_32.dll
0x00007ffadeed0000 - 0x00007ffadef1d000 	C:\Windows\SYSTEM32\POWRPROF.dll
0x00007ffad7c70000 - 0x00007ffad7ca4000 	C:\Windows\SYSTEM32\WINMM.dll
0x00007ffacca90000 - 0x00007ffacca9a000 	C:\Windows\SYSTEM32\VERSION.dll
0x00007ffadeeb0000 - 0x00007ffadeec3000 	C:\Windows\SYSTEM32\UMPDC.dll
0x00007ffadf160000 - 0x00007ffadf178000 	C:\Windows\SYSTEM32\kernel.appcore.dll
0x00007ffad5320000 - 0x00007ffad532a000 	C:\Program Files\Java\jdk-24\bin\jimage.dll
0x00007ffaccab0000 - 0x00007ffaccce2000 	C:\Windows\SYSTEM32\DBGHELP.DLL
0x00007ffae2260000 - 0x00007ffae25ee000 	C:\Windows\System32\combase.dll
0x00007ffae2070000 - 0x00007ffae2147000 	C:\Windows\System32\OLEAUT32.dll
0x00007ffaca740000 - 0x00007ffaca772000 	C:\Windows\SYSTEM32\dbgcore.DLL
0x00007ffae0340000 - 0x00007ffae03bb000 	C:\Windows\System32\bcryptPrimitives.dll
0x00007ffad5310000 - 0x00007ffad531f000 	C:\Program Files\Java\jdk-24\bin\instrument.dll
0x00007ffad52d0000 - 0x00007ffad52ee000 	C:\Program Files\Java\jdk-24\bin\java.dll
0x00007ffae1ec0000 - 0x00007ffae2065000 	C:\Windows\System32\ole32.dll
0x00007ffae10e0000 - 0x00007ffae1949000 	C:\Windows\System32\SHELL32.dll
0x00007ffaddfa0000 - 0x00007ffade89f000 	C:\Windows\SYSTEM32\windows.storage.dll
0x00007ffadde60000 - 0x00007ffaddf9f000 	C:\Windows\SYSTEM32\wintypes.dll
0x00007ffae0fe0000 - 0x00007ffae10d9000 	C:\Windows\System32\SHCORE.dll
0x00007ffae1e60000 - 0x00007ffae1ebe000 	C:\Windows\System32\shlwapi.dll
0x00007ffadff50000 - 0x00007ffadff77000 	C:\Windows\SYSTEM32\profapi.dll
0x00007ffab35a0000 - 0x00007ffab3677000 	C:\Program Files\Java\jdk-24\bin\jsvml.dll
0x00007ffad5300000 - 0x00007ffad5310000 	C:\Program Files\Java\jdk-24\bin\net.dll
0x00007ffadf5d0000 - 0x00007ffadf639000 	C:\Windows\system32\mswsock.dll
0x00007ffad52a0000 - 0x00007ffad52b6000 	C:\Program Files\Java\jdk-24\bin\nio.dll
0x00007ffacfe00000 - 0x00007ffacfe17000 	C:\Program Files\Java\jdk-24\bin\zip.dll
0x00007ffad5290000 - 0x00007ffad5299000 	C:\Program Files\Java\jdk-24\bin\extnet.dll
0x00000271c6be0000 - 0x00000271c6be4000 	C:\Javac\javafx-sdk-24.0.1\bin\api-ms-win-core-console-l1-1-0.dll
0x00000271c6bf0000 - 0x00000271c6bf4000 	C:\Javac\javafx-sdk-24.0.1\bin\api-ms-win-core-console-l1-2-0.dll
0x00000271c6c00000 - 0x00000271c6c04000 	C:\Javac\javafx-sdk-24.0.1\bin\api-ms-win-core-datetime-l1-1-0.dll
0x00000271c6c10000 - 0x00000271c6c14000 	C:\Javac\javafx-sdk-24.0.1\bin\api-ms-win-core-debug-l1-1-0.dll
0x00000271c6c20000 - 0x00000271c6c24000 	C:\Javac\javafx-sdk-24.0.1\bin\api-ms-win-core-errorhandling-l1-1-0.dll
0x00000271c6c30000 - 0x00000271c6c35000 	C:\Javac\javafx-sdk-24.0.1\bin\api-ms-win-core-file-l1-1-0.dll
0x00000271c6c40000 - 0x00000271c6c44000 	C:\Javac\javafx-sdk-24.0.1\bin\api-ms-win-core-file-l1-2-0.dll
0x00000271c6c50000 - 0x00000271c6c54000 	C:\Javac\javafx-sdk-24.0.1\bin\api-ms-win-core-file-l2-1-0.dll
0x00000271c6c60000 - 0x00000271c6c64000 	C:\Javac\javafx-sdk-24.0.1\bin\api-ms-win-core-handle-l1-1-0.dll
0x00000271c6c70000 - 0x00000271c6c74000 	C:\Javac\javafx-sdk-24.0.1\bin\api-ms-win-core-heap-l1-1-0.dll
0x00000271c6c80000 - 0x00000271c6c84000 	C:\Javac\javafx-sdk-24.0.1\bin\api-ms-win-core-interlocked-l1-1-0.dll
0x00000271c6c90000 - 0x00000271c6c94000 	C:\Javac\javafx-sdk-24.0.1\bin\api-ms-win-core-libraryloader-l1-1-0.dll
0x00000271c6ca0000 - 0x00000271c6ca4000 	C:\Javac\javafx-sdk-24.0.1\bin\api-ms-win-core-localization-l1-2-0.dll
0x00000271c6cb0000 - 0x00000271c6cb4000 	C:\Javac\javafx-sdk-24.0.1\bin\api-ms-win-core-memory-l1-1-0.dll
0x00000271c6cc0000 - 0x00000271c6cc4000 	C:\Javac\javafx-sdk-24.0.1\bin\api-ms-win-core-namedpipe-l1-1-0.dll
0x00000271c6cd0000 - 0x00000271c6cd4000 	C:\Javac\javafx-sdk-24.0.1\bin\api-ms-win-core-processenvironment-l1-1-0.dll
0x00000271c6ce0000 - 0x00000271c6ce4000 	C:\Javac\javafx-sdk-24.0.1\bin\api-ms-win-core-processthreads-l1-1-0.dll
0x00000271c6cf0000 - 0x00000271c6cf4000 	C:\Javac\javafx-sdk-24.0.1\bin\api-ms-win-core-processthreads-l1-1-1.dll
0x00000271c6d00000 - 0x00000271c6d04000 	C:\Javac\javafx-sdk-24.0.1\bin\api-ms-win-core-profile-l1-1-0.dll
0x00000271c6d10000 - 0x00000271c6d14000 	C:\Javac\javafx-sdk-24.0.1\bin\api-ms-win-core-rtlsupport-l1-1-0.dll
0x00000271c6d20000 - 0x00000271c6d24000 	C:\Javac\javafx-sdk-24.0.1\bin\api-ms-win-core-string-l1-1-0.dll
0x00000271c6d30000 - 0x00000271c6d34000 	C:\Javac\javafx-sdk-24.0.1\bin\api-ms-win-core-synch-l1-1-0.dll
0x00000271c7090000 - 0x00000271c7094000 	C:\Javac\javafx-sdk-24.0.1\bin\api-ms-win-core-synch-l1-2-0.dll
0x00000271c70a0000 - 0x00000271c70a4000 	C:\Javac\javafx-sdk-24.0.1\bin\api-ms-win-core-sysinfo-l1-1-0.dll
0x00000271c70b0000 - 0x00000271c70b4000 	C:\Javac\javafx-sdk-24.0.1\bin\api-ms-win-core-timezone-l1-1-0.dll
0x00000271c70c0000 - 0x00000271c70c4000 	C:\Javac\javafx-sdk-24.0.1\bin\api-ms-win-core-util-l1-1-0.dll
0x00000271c70d0000 - 0x00000271c70d4000 	C:\Javac\javafx-sdk-24.0.1\bin\api-ms-win-crt-conio-l1-1-0.dll
0x00000271c70e0000 - 0x00000271c70e5000 	C:\Javac\javafx-sdk-24.0.1\bin\api-ms-win-crt-convert-l1-1-0.dll
0x00000271c6d40000 - 0x00000271c6d44000 	C:\Javac\javafx-sdk-24.0.1\bin\api-ms-win-crt-environment-l1-1-0.dll
0x00000271c6d50000 - 0x00000271c6d54000 	C:\Javac\javafx-sdk-24.0.1\bin\api-ms-win-crt-filesystem-l1-1-0.dll
0x00000271c6d60000 - 0x00000271c6d64000 	C:\Javac\javafx-sdk-24.0.1\bin\api-ms-win-crt-heap-l1-1-0.dll
0x00000271c6d70000 - 0x00000271c6d74000 	C:\Javac\javafx-sdk-24.0.1\bin\api-ms-win-crt-locale-l1-1-0.dll
0x00000271c6d80000 - 0x00000271c6d86000 	C:\Javac\javafx-sdk-24.0.1\bin\api-ms-win-crt-math-l1-1-0.dll
0x00000271c6d90000 - 0x00000271c6d96000 	C:\Javac\javafx-sdk-24.0.1\bin\api-ms-win-crt-multibyte-l1-1-0.dll
0x00000271c6da0000 - 0x00000271c6db1000 	C:\Javac\javafx-sdk-24.0.1\bin\api-ms-win-crt-private-l1-1-0.dll
0x00000271c6dc0000 - 0x00000271c6dc4000 	C:\Javac\javafx-sdk-24.0.1\bin\api-ms-win-crt-process-l1-1-0.dll
0x00000271c6dd0000 - 0x00000271c6dd5000 	C:\Javac\javafx-sdk-24.0.1\bin\api-ms-win-crt-runtime-l1-1-0.dll
0x00000271c6de0000 - 0x00000271c6de5000 	C:\Javac\javafx-sdk-24.0.1\bin\api-ms-win-crt-stdio-l1-1-0.dll
0x00000271c6df0000 - 0x00000271c6df5000 	C:\Javac\javafx-sdk-24.0.1\bin\api-ms-win-crt-string-l1-1-0.dll
0x00000271c6e00000 - 0x00000271c6e04000 	C:\Javac\javafx-sdk-24.0.1\bin\api-ms-win-crt-time-l1-1-0.dll
0x00000271c6e10000 - 0x00000271c6e14000 	C:\Javac\javafx-sdk-24.0.1\bin\api-ms-win-crt-utility-l1-1-0.dll
0x00007ffa7e4b0000 - 0x00007ffa7e5c1000 	C:\Javac\javafx-sdk-24.0.1\bin\ucrtbase.dll
0x00007ffaaa600000 - 0x00007ffaaa61b000 	C:\Javac\javafx-sdk-24.0.1\bin\vcruntime140.dll
0x00007ffacfdf0000 - 0x00007ffacfdfc000 	C:\Javac\javafx-sdk-24.0.1\bin\vcruntime140_1.dll
0x00007ffa7e420000 - 0x00007ffa7e4ae000 	C:\Javac\javafx-sdk-24.0.1\bin\msvcp140.dll
0x00007ffacf9a0000 - 0x00007ffacf9a9000 	C:\Javac\javafx-sdk-24.0.1\bin\msvcp140_1.dll
0x00007ffaa1520000 - 0x00007ffaa1561000 	C:\Javac\javafx-sdk-24.0.1\bin\msvcp140_2.dll
0x00007ffaa1720000 - 0x00007ffaa1750000 	C:\Javac\javafx-sdk-24.0.1\bin\prism_d3d.dll
0x00007ffaa17b0000 - 0x00007ffaa1958000 	C:\Windows\system32\d3d9.dll
0x00007ffadd7d0000 - 0x00007ffadd7fb000 	C:\Windows\SYSTEM32\dwmapi.dll
0x00007ffadd680000 - 0x00007ffadd6b7000 	C:\Windows\SYSTEM32\dxcore.dll
0x00007ffadd590000 - 0x00007ffadd641000 	C:\Windows\system32\uxtheme.dll
0x00007ffa75510000 - 0x00007ffa75f7d000 	C:\Windows\SYSTEM32\igdumdim64.dll
0x00007ffad6b40000 - 0x00007ffad6fa5000 	C:\Windows\SYSTEM32\igdusc64.dll
0x00007ffadb240000 - 0x00007ffadb289000 	C:\Windows\SYSTEM32\directxdatabasehelper.dll
0x00007ffa81260000 - 0x00007ffa812a8000 	C:\Javac\javafx-sdk-24.0.1\bin\glass.dll
0x00007ffae0aa0000 - 0x00007ffae0b9f000 	C:\Windows\System32\COMDLG32.dll
0x00007ffae21b0000 - 0x00007ffae2260000 	C:\Windows\System32\clbcatq.dll
0x00007ffad4d40000 - 0x00007ffad4eb9000 	C:\Windows\System32\Windows.UI.dll
0x00007ffac7940000 - 0x00007ffac7a2d000 	C:\Windows\System32\Windows.Networking.Connectivity.dll
0x00007ffae1950000 - 0x00007ffae1ab0000 	C:\Windows\System32\MSCTF.dll
0x00007ffad3900000 - 0x00007ffad3a75000 	C:\Windows\System32\Windows.UI.Immersive.dll
0x00007ffad67c0000 - 0x00007ffad67d8000 	C:\Windows\System32\npmproxy.dll
0x00007ffad6840000 - 0x00007ffad688b000 	C:\Windows\System32\CapabilityAccessManagerClient.dll
0x00007ffad8820000 - 0x00007ffad88a6000 	C:\Windows\SYSTEM32\wlanapi.dll
0x00007ffad9630000 - 0x00007ffad964f000 	C:\Windows\SYSTEM32\MobileNetworking.dll
0x00007ffadeb70000 - 0x00007ffadeb9d000 	C:\Windows\System32\IPHLPAPI.DLL
0x00007ffae0fd0000 - 0x00007ffae0fd9000 	C:\Windows\System32\NSI.dll
0x00007ffac8bb0000 - 0x00007ffac8bc7000 	C:\Windows\System32\dusmapi.dll
0x00007ffa9f5f0000 - 0x00007ffa9f61d000 	C:\Javac\javafx-sdk-24.0.1\bin\javafx_iio.dll
0x00007ffa9f820000 - 0x00007ffa9f835000 	C:\Javac\javafx-sdk-24.0.1\bin\javafx_font.dll
0x00007ffadbdc0000 - 0x00007ffadc033000 	C:\Windows\SYSTEM32\dwrite.dll
0x00007ffadd3d0000 - 0x00007ffadd581000 	C:\Windows\SYSTEM32\WindowsCodecs.dll
0x00007ffaabc80000 - 0x00007ffaabcde000 	C:\Windows\system32\dataexchange.dll
0x00007ffad9250000 - 0x00007ffad94f2000 	C:\Windows\system32\twinapi.appcore.dll
0x00007ffa7e200000 - 0x00007ffa7e232000 	C:\Program Files\Common Files\Microsoft Shared\Ink\rtscom.dll
0x00007ffad2320000 - 0x00007ffad2463000 	C:\Windows\SYSTEM32\textinputframework.dll
0x00007ffadd020000 - 0x00007ffadd153000 	C:\Windows\SYSTEM32\CoreMessaging.dll
0x00007ffadaad0000 - 0x00007ffadae3d000 	C:\Windows\SYSTEM32\CoreUIComponents.dll

JVMTI agents:
C:\Program Files\JetBrains\IntelliJ IDEA 2024.3.5\lib\idea_rt.jar path:C:\Program Files\Java\jdk-24\bin\instrument.dll, loaded, initialized, instrumentlib options:49703

dbghelp: loaded successfully - version: 4.0.5 - missing functions: none
symbol engine: initialized successfully - sym options: 0x614 - pdb path: .;C:\Program Files\Java\jdk-24\bin;C:\Windows\SYSTEM32;C:\Windows\WinSxS\amd64_microsoft.windows.common-controls_6595b64144ccf1df_6.0.22621.3672_none_2713b9d173822955;C:\Program Files\Java\jdk-24\bin\server;C:\Javac\javafx-sdk-24.0.1\bin;C:\Program Files\Common Files\Microsoft Shared\Ink

VM Arguments:
jvm_args: --module-path=C:\Javac\javafx-sdk-24.0.1\lib --add-modules=javafx.controls,javafx.media -javaagent:C:\Program Files\JetBrains\IntelliJ IDEA 2024.3.5\lib\idea_rt.jar=49703 -Dfile.encoding=UTF-8 -Dsun.stdout.encoding=UTF-8 -Dsun.stderr.encoding=UTF-8 
java_command: map
java_class_path (initial): C:\Users\Mhmdrza\Desktop\Project\underhell\target\classes;C:\Javac\javafx-sdk-24.0.1\lib\javafx-swt.jar;C:\Javac\javafx-sdk-24.0.1\lib\javafx.web.jar;C:\Javac\javafx-sdk-24.0.1\lib\javafx.base.jar;C:\Javac\javafx-sdk-24.0.1\lib\javafx.fxml.jar;C:\Javac\javafx-sdk-24.0.1\lib\javafx.media.jar;C:\Javac\javafx-sdk-24.0.1\lib\javafx.swing.jar;C:\Javac\javafx-sdk-24.0.1\lib\jdk.jsobject.jar;C:\Javac\javafx-sdk-24.0.1\lib\javafx.controls.jar;C:\Javac\javafx-sdk-24.0.1\lib\javafx.graphics.jar;C:\Javac\javafx-sdk-24.0.1\lib\jfx.incubator.input.jar;C:\Javac\javafx-sdk-24.0.1\lib\jfx.incubator.richtext.jar
Launcher Type: SUN_STANDARD

[Global flags]
     intx CICompilerCount                          = 3                                         {product} {ergonomic}
     uint ConcGCThreads                            = 1                                         {product} {ergonomic}
     uint G1ConcRefinementThreads                  = 4                                         {product} {ergonomic}
   size_t G1HeapRegionSize                         = 2097152                                   {product} {ergonomic}
   size_t InitialHeapSize                          = 255852544                                 {product} {ergonomic}
   size_t MarkStackSize                            = 4194304                                   {product} {ergonomic}
   size_t MarkStackSizeMax                         = 536870912                                 {product} {ergonomic}
   size_t MaxHeapSize                              = 4085252096                                {product} {ergonomic}
   size_t MaxNewSize                               = 2449473536                                {product} {ergonomic}
   size_t MinHeapDeltaBytes                        = 2097152                                   {product} {ergonomic}
   size_t MinHeapSize                              = 8388608                                   {product} {ergonomic}
    uintx NonNMethodCodeHeapSize                   = 5832704                                {pd product} {ergonomic}
    uintx NonProfiledCodeHeapSize                  = 122945536                              {pd product} {ergonomic}
     bool PerfDisableSharedMem                     = true                                      {product} {ergonomic}
    uintx ProfiledCodeHeapSize                     = 122880000                              {pd product} {ergonomic}
    uintx ReservedCodeCacheSize                    = 251658240                              {pd product} {ergonomic}
     bool SegmentedCodeCache                       = true                                      {product} {ergonomic}
   size_t SoftMaxHeapSize                          = 4085252096                             {manageable} {ergonomic}
     bool UseCompressedOops                        = true                           {product lp64_product} {ergonomic}
     bool UseG1GC                                  = true                                      {product} {ergonomic}
     bool UseLargePagesIndividualAllocation        = false                                  {pd product} {ergonomic}

Logging:
Log output configuration:
 #0: stdout all=warning uptime,level,tags foldmultilines=false
 #1: stderr all=off uptime,level,tags foldmultilines=false

Environment Variables:
JAVA_HOME=C:\Program Files\BellSoft\LibericaJDK-21\
PATH=C:\Program Files\Common Files\Oracle\Java\javapath;C:\Program Files\BellSoft\LibericaJDK-21\bin\;C:\Program Files\Eclipse Adoptium\jdk-17.0.14.7-hotspot\bin;C:\Program Files (x86)\Common Files\Oracle\Java\java8path;C:\Program Files (x86)\Common Files\Oracle\Java\javapath;C:\Windows\system32;C:\Windows;C:\Windows\System32\Wbem;C:\Windows\System32\WindowsPowerShell\v1.0\;C:\Windows\System32\OpenSSH\;C:\Program Files\Microsoft SQL Server\150\Tools\Binn\;C:\MinGW\bin;C:\Program Files\Microsoft VS Code\bin;C:\Program Files\Git\cmd;C:\Program Files (x86)\Microsoft SQL Server\160\Tools\Binn\;C:\Program Files\Microsoft SQL Server\160\Tools\Binn\;C:\Program Files\Microsoft SQL Server\Client SDK\ODBC\170\Tools\Binn\;C:\Program Files\Microsoft SQL Server\160\DTS\Binn\;C:\Program Files\MySQL\MySQL Shell 8.0\bin\;C:\Users\Mhmdrza\AppData\Local\Microsoft\WindowsApps;C:\Users\Mhmdrza\.dotnet\tools;C:\Users\Mhmdrza\AppData\Local\GitHubDesktop\bin;C:\msys64\mingw64\bin;C:\Users\Mhmdrza\.lmstudio\bin;C:\Program Files\JetBrains\PyCharm 2025.1\bin;C:\Users\Mhmdrza\AppData\Local\gitkraken\bin
USERNAME=Mhmdrza
OS=Windows_NT
PROCESSOR_IDENTIFIER=Intel64 Family 6 Model 58 Stepping 9, GenuineIntel
TMP=C:\Users\Mhmdrza\AppData\Local\Temp
TEMP=C:\Users\Mhmdrza\AppData\Local\Temp




Periodic native trim disabled

---------------  S Y S T E M  ---------------

OS:
 Windows 11 , 64 bit Build 22621 (10.0.22621.3958)
OS uptime: 0 days 2:24 hours

CPU: total 4 (initial active 4) (2 cores per cpu, 2 threads per core) family 6 model 58 stepping 9 microcode 0x21, cx8, cmov, fxsr, ht, mmx, sse, sse2, sse3, ssse3, sse4.1, sse4.2, popcnt, tsc, tscinvbit, avx, aes, erms, clmul, vzeroupper, clflush, rdtscp, f16c
Processor Information for the first 4 processors :
  Max Mhz: 2601, Current Mhz: 2601, Mhz Limit: 2601

Memory: 4k page, system-wide physical 15579M (7904M free)
TotalPageFile size 17883M (AvailPageFile size 8692M)
current process WorkingSet (physical memory assigned to process): 419M, peak: 419M
current process commit charge ("private bytes"): 492M, peak: 504M

vm_info: Java HotSpot(TM) 64-Bit Server VM (24.0.1+9-30) for windows-amd64 JRE (24.0.1+9-30), built on 2025-03-05T07:23:45Z with MS VC++ 17.6 (VS2022)

END.
